,0/100,10/90,20/80,30/70,40/60,50/50,60/40,70/30,80/20,90/10,100/0
1927-01-01,137379.5802718842,257483.63255135872,377587.6848308332,497691.7371103077,617795.7893897821,737899.8416692566,858003.8939487311,978107.9462282056,1098211.9985076801,1218316.0507871546,1338420.103066629
1927-02-01,137352.1756079558,249435.88126659053,361519.5869252253,473603.29258386005,585686.9982424948,697770.7039011294,809854.4095597642,921938.115218399,1034021.8208770336,1146105.5265356684,1258189.232194303
1927-03-01,137256.31666186845,251754.74892181528,366253.18118176196,480751.6134417088,595250.0457016554,709748.4779616022,824246.9102215491,938745.3424814957,1053243.7747414426,1167742.2070013892,1282240.639261336
1927-04-01,137256.31666186836,256579.7012875821,375903.08591329586,495226.4705390096,614549.8551647234,733873.239790437,853196.624416151,972520.0090418645,1091843.3936675782,1211166.778293292,1330490.1629190058
1927-05-01,137201.57835013903,253976.3989529117,370751.21955568437,487526.04015845706,604300.8607612296,721075.6813640023,837850.501966775,954625.3225695478,1071400.1431723202,1188174.963775093,1304949.7843778657
1927-06-01,137174.20919427412,256098.24112298107,375022.273051688,493946.30498039495,612870.3369091019,731794.3688378087,850718.4007665158,969642.4326952228,1088566.4646239297,1207490.4965526364,1326414.5284813435
1927-07-01,137174.20919427424,247959.2155670339,358744.22193979356,469529.2283125532,580314.2346853128,691099.2410580724,801884.2474308321,912669.2538035918,1023454.2601763515,1134239.2665491109,1245024.2729218707
1927-08-01,137133.17183611877,239230.12069636903,341327.0695566193,443424.0184168695,545520.9672771198,647617.9161373699,749714.8649976203,851811.8138578705,953908.7627181208,1056005.711578371,1158102.6604386212
1927-09-01,137201.59473395153,227476.8037112601,317752.0126885686,408027.22166587715,498302.43064318574,588577.6396204942,678852.8485978028,769128.0575751113,859403.2665524198,949678.4755297285,1039953.6845070368
1927-10-01,137256.33851239877,227536.9104783122,317817.48244422564,408098.0544101391,498378.6263760525,588659.1983419658,678939.7703078793,769220.3422737926,859500.914239706,949781.4862056195,1040062.0581715328
1927-11-01,137352.21660536228,223588.85529132414,309825.4939772861,396062.13266324793,482298.7713492099,568535.4100351717,654772.0487211336,741008.6874070956,827245.3260930574,913481.9647790194,999718.6034649811
1927-12-01,137379.62674637302,217779.959700527,298180.2926546809,378580.6256088349,458980.95856298885,539381.2915171427,619781.6244712968,700181.9574254507,780582.2903796046,860982.6233337586,941382.9562879124
1928-01-01,137420.73785662145,222775.0862251434,308129.43459366536,393483.7829621873,478838.1313307093,564192.4796992312,649546.8280677532,734901.1764362751,820255.5248047971,905609.873173319,990964.221541841
1928-02-01,137133.10350049796,222465.98394709255,307798.8643936871,393131.74484028167,478464.62528687617,563797.5057334708,649130.3861800653,734463.26662666,819796.1470732546,905129.027519849,990461.9079664436
1928-03-01,136859.63036558792,217026.01680410406,297192.40324262006,377358.7896811362,457525.1761196522,537691.5625581683,617857.9489966845,698024.3354352006,778190.7218737167,858357.1083122328,938523.4947507489
1928-04-01,136668.4474854123,215686.07574676353,294703.7040081147,373721.33226946596,452738.9605308171,531756.5887921684,610774.2170535197,689791.8453148708,768809.473576222,847827.1018375732,926844.7300989245
1928-05-01,136382.3592281164,215965.5546721871,295548.7501162578,375131.94556032855,454715.1410043992,534298.33644847,613881.5318925407,693464.7273366114,773047.922780682,852631.1182247528,932214.3136688235
1928-06-01,136001.66876272045,222999.74707599045,309997.82538926037,396995.90370253037,483993.9820158003,570992.0603290703,657990.1386423403,744988.2169556103,831986.2952688801,918984.3735821501,1005982.4518954201
1928-07-01,135662.74913362673,226192.4890048065,316722.2288759863,407251.96874716616,497781.70861834596,588311.4484895257,678841.1883607056,769370.9282318854,859900.6681030651,950430.4079742448,1040960.1478454247
1928-08-01,135284.10509697004,220919.77034782112,306555.4355986722,392191.10084952327,477826.7661003743,563462.4313512254,649098.0966020765,734733.7618529275,820369.4271037787,906005.0923546295,991640.7576054807
1928-09-01,135176.16923970688,222466.7096115814,309757.2499834559,397047.7903553305,484338.3307272051,571628.8710990796,658919.4114709542,746209.9518428287,833500.4922147032,920791.0325865777,1008081.5729584522
1928-10-01,134866.53355675552,223169.16289726834,311471.7922377811,399774.4215782939,488077.0509188067,576379.6802593194,664682.3095998324,752984.9389403451,841287.5682808579,929590.1976213704,1017892.8269618833
1928-11-01,134503.772408516,214605.1851108989,294706.59781328175,374808.0105156647,454909.4232180476,535010.8359204304,615112.2486228134,695213.6613251964,775315.0740275792,855416.486729962,935517.899432345
1928-12-01,134718.84939817572,219380.42677388742,304042.0041495992,388703.58152531093,473365.15890102263,558026.7362767344,642688.3136524461,727349.8910281578,812011.4684038695,896673.0457795812,981334.6231552929
1929-01-01,134544.3083335774,215410.15385148837,296275.9993693993,377141.8448873103,458007.6904052212,538873.5359231321,619739.3814410431,700605.226958954,781471.0724768649,862336.9179947758,943202.7635126868
1929-02-01,134316.4034669305,216261.21533146832,298206.02719600615,380150.83906054404,462095.6509250818,544040.4627896197,625985.2746541575,707930.0865186953,789874.8983832331,871819.710247771,953764.5221123088
1929-03-01,134155.76993677267,217084.88534664054,300014.00075650844,382943.11616637633,465872.2315762442,548801.3469861121,631730.4623959799,714659.5778058479,797588.6932157158,880517.8086255834,963446.9240354514
1929-04-01,133941.89067023376,218813.0433790347,303684.19608783565,388555.3487966366,473426.5015054376,558297.6542142385,643168.8069230395,728039.9596318405,812911.1123406414,897782.2650494424,982653.4177582433
1929-05-01,133648.5093883992,226791.75534563925,319935.0013028793,413078.24726011936,506221.49321735936,599364.7391745994,692507.9851318395,785651.2310890796,878794.4770463195,971937.7230035595,1065080.9689607995
1929-06-01,133276.22941795737,216580.88455280827,299885.5396876592,383190.19482251006,466494.849957361,549799.5050922119,633104.1602270628,716408.8153619136,799713.4704967646,883018.1256316154,966322.7807664663
1929-07-01,133169.9591263856,215212.91475909177,297255.8703917979,379298.82602450415,461341.78165721026,543384.7372899164,625427.6929226227,707470.6485553288,789513.6041880349,871556.5598207411,953599.5154534472
1929-08-01,132891.41638319305,206413.7434402442,279936.07049729535,353458.39755434653,426980.72461139766,500503.0516684488,574025.3787255,647547.7057825511,721070.0328396022,794592.3598966533,868114.6869537045
1929-09-01,132838.44521572604,206914.93009781901,280991.41497991205,355067.899862005,429144.38474409806,503220.86962619104,577297.354508284,651373.839390377,725450.3242724701,799526.809154563,873603.2940366559
1929-10-01,132626.87691755223,229751.8277483043,326876.77857905626,424001.72940980847,521126.6802405603,618251.6310713125,715376.5819020646,812501.5327328165,909626.4835635684,1006751.4343943206,1103876.3852250727
1929-11-01,132481.5251544663,247737.19960933508,362992.8740642038,478248.5485190726,593504.2229739414,708759.89742881,824015.5718836789,939271.2463385476,1054526.9207934164,1169782.595248285,1285038.2697031538
1929-12-01,132441.92720931713,249155.36766643176,365868.80812354636,482582.2485806611,599295.6890377757,716009.1294948902,832722.5699520049,949436.0104091197,1066149.4508662343,1182862.8913233487,1299576.3317804632
1930-01-01,132693.21506801256,234142.99575667817,335592.7764453438,437042.55713400943,538492.337822675,639942.1185113406,741391.8992000063,842841.6798886717,944291.4605773374,1045741.241266003,1147191.0219546687
1930-02-01,132679.9854354034,232624.56391258404,332569.14238976466,432513.7208669454,532458.2993441259,632402.8778213066,732347.4562984874,832292.034775668,932236.6132528485,1032181.1917300291,1132125.7702072097
1930-03-01,132679.98543540365,223436.05244924955,314192.1194630954,404948.18647694134,495704.2534907871,586460.320504633,677216.387518479,767972.4545323248,858728.5215461707,949484.5885600166,1040240.6555738624
1930-04-01,132653.50504713153,223751.33685793795,314849.1686687444,405947.0004795508,497044.83229035727,588142.6641011636,679240.4959119702,770338.3277227764,861436.159533583,952533.9913443892,1043631.8231551956
1930-05-01,132666.73599716628,228833.22081125862,324999.705625351,421166.19043944334,517332.6752535357,613499.160067628,709665.6448817204,805832.1296958128,901998.614509905,998165.0993239974,1094331.5841380898
1930-06-01,132627.0431470625,252363.51651261444,372099.9898781664,491836.4632437184,611572.9366092703,731309.4099748223,851045.8833403742,970782.3567059261,1090518.830071478,1210255.3034370302,1329991.776802582
1930-07-01,132534.38952410562,243916.68302972853,355298.9765353514,466681.27004097437,578063.5635465973,689445.8570522201,800828.150557843,912210.4440634659,1023592.737569089,1134975.0310747118,1246357.3245803346
1930-08-01,132640.3216967693,247463.43483733552,362286.54797790176,477109.661118468,591932.7742590342,706755.8873996004,821579.0005401666,936402.1136807328,1051225.226821299,1166048.3399618652,1280871.4531024315
1930-09-01,132560.91220463422,257283.1484342623,382005.3846638904,506727.6208935185,631449.8571231466,756172.0933527747,880894.329582403,1005616.5658120308,1130338.802041659,1255061.038271287,1379783.274500915
1930-10-01,132733.08643369394,269829.10606278747,406925.12569188094,544021.1453209744,681117.1649500679,818213.1845791612,955309.2042082548,1092405.2238373482,1229501.2434664418,1366597.263095535,1503693.2827246287
1930-11-01,132733.08643369382,281801.03836834023,430868.99030298664,579936.942237633,729004.8941722794,878072.8461069257,1027140.7980415722,1176208.7499762184,1325276.701910865,1474344.6538455111,1623412.6057801575
1930-12-01,132759.59593767519,304008.7211079747,475257.84627827414,646506.9714485737,817756.0966188731,989005.2217891725,1160254.3469594724,1331503.4721297715,1502752.597300071,1674001.7224703704,1845250.84764067
1931-01-01,132812.62023959734,304039.10039654997,475265.5805535026,646492.0607104552,817718.5408674077,988945.0210243604,1160171.501181313,1331397.9813382656,1502624.461495218,1673850.9416521708,1845077.4218091234
1931-02-01,132945.37975603036,292165.24803342414,451385.11631081795,610604.9845882118,769824.8528656055,929044.7211429994,1088264.5894203933,1247484.457697787,1406704.3259751808,1565924.1942525746,1725144.0625299683
1931-03-01,133038.32069863446,309375.2450866667,485712.169474699,662049.0938627314,838386.0182507636,1014722.9426387957,1191059.8670268282,1367396.7914148604,1543733.7158028926,1720070.6401909248,1896407.5645789572
1931-04-01,133157.95947624074,331335.39614140766,529512.8328065745,727690.2694717415,925867.7061369083,1124045.1428020753,1322222.5794672424,1520400.016132409,1718577.4527975759,1916754.8894627427,2114932.3261279096
1931-05-01,133277.69387880724,369892.04201880784,606506.3901588084,843120.7382988089,1079735.0864388098,1316349.4345788101,1552963.782718811,1789578.1308588115,2026192.478998812,2262806.8271388123,2499421.1752788126
1931-06-01,133437.49926715114,333008.21696878277,532578.9346704144,732149.652372046,931720.3700736776,1131291.087775309,1330861.805476941,1530432.5231785728,1730003.2408802044,1929573.958581836,2129144.6762834676
1931-07-01,133597.5282488828,354983.78110092925,576370.0339529758,797756.2868050223,1019142.5396570687,1240528.792509115,1461915.0453611617,1683301.2982132079,1904687.5510652545,2126073.8039173004,2347460.0567693473
1931-08-01,133744.44145599424,360445.295956994,587146.1504579938,813847.0049589938,1040547.8594599934,1267248.7139609933,1493949.5684619932,1720650.422962993,1947351.2774639926,2174052.1319649927,2400752.9864659924
1931-09-01,133931.62751821402,450629.37195308984,767327.1163879659,1084024.8608228418,1400722.6052577174,1717420.3496925933,2034118.0941274692,2350815.838562345,2667513.582997221,2984211.327432097,3300909.0718669724
1931-10-01,134052.04556493388,434491.2533645971,734930.4611642603,1035369.6689639236,1335808.876763587,1636248.0845632497,1936687.292362913,2237126.5001625763,2537565.7079622396,2838004.9157619025,3138444.1235615658
1931-11-01,134025.28065616562,481252.4958889549,828479.7111217441,1175706.9263545335,1522934.1415873226,1870161.3568201119,2217388.572052901,2564615.78728569,2911843.0025184797,3259070.2177512688,3606297.432984058
1931-12-01,134118.98590632493,537221.9478781238,940324.9098499229,1343427.871821722,1746530.833793521,2149633.79576532,2552736.7577371188,2955839.7197089177,3358942.681680717,3762045.643652516,4165148.6056243144
1932-01-01,134132.3670283351,527566.2528919068,921000.1387554783,1314434.0246190499,1707867.9104826215,2101301.7963461927,2494735.6822097646,2888169.568073336,3281603.453936908,3675037.339800479,4068471.2256640503
1932-02-01,134092.21965718013,513401.34527850855,892710.470899837,1272019.5965211652,1651328.7221424936,2030637.847763822,2409946.9733851505,2789256.0990064787,3168565.2246278073,3547874.350249135,3927183.4758704635
1932-03-01,134145.77086311358,560561.6006174815,986977.4303718496,1413393.2601262175,1839809.0898805854,2266224.919634953,2692640.749389322,3119056.5791436895,3545472.4088980574,3971888.238652425,4398304.068406793
1932-04-01,134293.16907303166,622036.068211644,1109778.9673502562,1597521.8664888686,2085264.7656274808,2573007.664766093,3060750.5639047055,3548493.463043318,4036236.36218193,4523979.261320543,5011722.160459154
1932-05-01,134534.75182771045,698043.5839420457,1261552.4160563808,1825061.2481707162,2388570.080285051,2952078.912399386,3515587.7445137217,4079096.5766280573,4642605.408742392,5206114.240856727,5769623.072971062
1932-06-01,134776.86595817422,654371.6587492048,1173966.4515402354,1693561.2443312663,2213156.0371222966,2732750.829913327,3252345.6227043583,3771940.4154953887,4291535.208286419,4811130.00107745,5330724.79386848
1932-07-01,135113.7407481115,546608.2931409713,958102.8455338313,1369597.3979266912,1781091.950319551,2192586.502712411,2604081.0551052713,3015575.6074981308,3427070.1598909902,3838564.7122838506,4250059.264676711
1932-08-01,135383.88718567652,439042.7761428705,742701.6651000645,1046360.5540572585,1350019.4430144525,1653678.3319716463,1957337.2209288403,2260996.1098860344,2564654.9988432284,2868313.887800422,3171972.776757616
1932-09-01,135627.5050972374,432401.24038853,729174.9756798225,1025948.7109711153,1322722.4462624076,1619496.1815537,1916269.916844993,2213043.6521362853,2509817.387427578,2806591.12271887,3103364.8580101626
1932-10-01,135952.94602128607,480350.27536436095,824747.6047074359,1169144.934050511,1513542.2633935858,1857939.5927366607,2202336.922079736,2546734.2514228113,2891131.5807658858,3235528.9101089602,3579926.2394520356
1932-11-01,136197.61239085026,545027.4006957705,953857.1890006907,1362686.9773056111,1771516.7656105312,2180346.5539154517,2589176.342220372,2998006.1305252924,3406835.9188302127,3815665.7071351325,4224495.495440053
1932-12-01,136497.21717763162,532392.5725051146,928287.9278325975,1324183.283160081,1720078.6384875635,2115973.9938150467,2511869.34914253,2907764.704470013,3303660.059797495,3699555.4151249793,4095450.7704524617
1933-01-01,136824.77774280155,548624.2422340957,960423.7067253898,1372223.171216684,1784022.635707978,2195822.1001992724,2607621.5646905666,3019421.029181861,3431220.4936731546,3843019.958164449,4254819.422655743
1933-02-01,137180.62892028588,615017.8141605348,1092854.9994007836,1570692.1846410325,2048529.3698812814,2526366.55512153,3004203.740361779,3482040.9256020286,3959878.110842277,4437715.2960825255,4915552.481322775
1933-03-01,137441.16789964272,616253.5271964439,1095065.8864932451,1573878.2457900464,2052690.6050868477,2531502.9643836482,3010315.3236804497,3489127.682977251,3967940.0422740523,4446752.401570854,4925564.760867654
1933-04-01,137647.12369569612,495347.5069625067,853047.8902293172,1210748.273496128,1568448.6567629382,1926149.0400297486,2283849.4232965596,2641549.8065633704,2999250.1898301803,3356950.5730969906,3714650.9563638014
1933-05-01,137922.30786941812,436054.33619921905,734186.36452902,1032318.3928588211,1330450.4211886218,1628582.4495184226,1926714.477848224,2224846.506178024,2522978.5345078255,2821110.562837626,3119242.591167427
1933-06-01,138211.88680015766,395256.3273018751,652300.7678035926,909345.20830531,1166389.6488070274,1423434.0893087448,1680478.5298104621,1937522.97031218,2194567.410813897,2451611.8513156143,2708656.2918173317
1933-07-01,138557.3474250331,424038.4022673001,709519.457109567,995000.511951834,1280481.5667941011,1565962.6216363679,1851443.676478635,2136924.731320902,2422405.786163169,2707886.8410054357,2993367.8958477024
1933-08-01,138862.0821689449,406310.25466913613,673758.4271693274,941206.5996695186,1208654.77216971,1476102.9446699012,1743551.1171700926,2010999.289670284,2278447.462170475,2545895.634670666,2813343.807170857
1933-09-01,139209.16795720987,435993.22348750825,732777.2790178066,1029561.3345481051,1326345.3900784035,1623129.4456087018,1919913.5011390005,2216697.5566692986,2513481.612199597,2810265.667729895,3107049.7232601936
1933-10-01,139598.9146528202,474245.5949746048,808892.2752963892,1143538.955618174,1478185.6359399583,1812832.3162617427,2147478.996583528,2482125.6769053116,2816772.3572270963,3151419.0375488806,3486065.7178706652
1933-11-01,139947.84215395217,441026.9673971641,742106.0926403761,1043185.217883588,1344264.3431268,1645343.4683700118,1946422.593613224,2247501.7188564357,2548580.8440996474,2849659.9693428595,3150739.0945860716
1933-12-01,140325.62577104446,442233.24027478235,744140.8547785201,1046048.469282258,1347956.0837859958,1649863.6982897334,1951771.3127934716,2253678.9272972094,2555586.541800947,2857494.156304685,3159401.7708084225
1934-01-01,140676.2645160994,414194.1308107795,687711.9971054597,961229.8634001398,1234747.72969482,1508265.5959895,1781783.4622841803,2055301.3285788603,2328819.19487354,2602337.0611682204,2875854.9274629005
1934-02-01,141013.82003983328,427179.8876974212,713345.9553550092,999512.0230125971,1285678.090670185,1571844.1583277727,1858010.225985361,2144176.293642949,2430342.3613005364,2716508.4289581245,3002674.496615712
1934-03-01,141422.6783462874,432376.854219331,723331.0300923745,1014285.2059654184,1305239.3818384616,1596193.557711505,1887147.733584549,2178101.9094575923,2469056.0853306362,2760010.2612036797,3050964.437076723
1934-04-01,141818.6222512666,439473.7787984182,737128.9353455696,1034784.0918927214,1332439.2484398726,1630094.4049870241,1927749.5615341759,2225404.7180813276,2523059.8746284787,2820715.0311756306,3118370.1877227817
1934-05-01,142173.13335578432,469782.9865816887,797392.839807593,1125002.6930334975,1452612.5462594018,1780222.399485306,2107832.252711211,2435442.1059371154,2763051.9591630194,3090661.8123889235,3418271.665614828
1934-06-01,142585.3942164304,466327.1011698829,790068.8081233355,1113810.5150767881,1437552.2220302406,1761293.928983693,2085035.635937146,2408777.3428905983,2732519.049844051,3056260.756797503,3380002.4637509556
1934-07-01,142998.85051402805,515917.3907473983,888835.9309807686,1261754.4712141391,1634673.0114475093,2007591.5516808794,2380510.09191425,2753428.6321476204,3126347.1723809903,3499265.7126143607,3872184.252847731
1934-08-01,143384.9088045867,491511.32137281593,839637.7339410451,1187764.1465092746,1535890.5590775036,1884016.9716457329,2232143.384213962,2580269.796782192,2928396.2093504206,3276522.6219186494,3624649.034486879
1934-09-01,143772.00934830503,503485.3276889223,863198.6460295394,1222911.9643701569,1582625.282710774,1942338.6010513913,2302051.919392009,2661765.237732626,3021478.556073243,3381191.87441386,3740905.1927544773
1934-10-01,144174.5307223425,513508.9077436508,882843.2847649589,1252177.6617862673,1621512.0388075754,1990846.4158288836,2360180.792850192,2729515.1698714998,3098849.5468928083,3468183.923914117,3837518.3009354244
1934-11-01,144578.1790435331,485322.811958641,826067.4448737488,1166812.0777888563,1507556.7107039643,1848301.343619072,2189045.97653418,2529790.609449288,2870535.2423643954,3211279.875279503,3552024.508194611
1934-12-01,145011.8702115468,485642.355400544,826272.8405895412,1166903.3257785386,1507533.8109675357,1848164.2961565328,2188794.7813455304,2529425.2665345273,2870055.7517235246,3210686.2369125215,3551316.722101519
1935-01-01,145403.3631118279,512735.3231119649,880067.283112102,1247399.243112239,1614731.2031123757,1982063.1631125128,2349395.12311265,2716727.083112787,3084059.043112924,3451391.0031130607,3818722.9631131976
1935-02-01,145810.41111893966,523538.3148408455,901266.2185627512,1278994.1222846573,1656722.0260065629,2034449.9297284689,2412177.8334503747,2789905.7371722804,3167633.640894186,3545361.5446160915,3923089.448337998
1935-03-01,146320.696529315,535078.3643368491,923836.0321443832,1312593.6999519174,1701351.367759451,2090109.0355669854,2478866.70337452,2867624.371182054,3256382.038989587,3645139.7067971216,4033897.3746046554
1935-04-01,146759.6147270832,514577.1587844139,882394.7028417445,1250212.2468990753,1618029.7909564062,1985847.3350137367,2353664.8790710676,2721482.4231283986,3089299.9671857287,3457117.5112430593,3824935.05530039
1935-05-01,147199.8495477821,500408.52609300194,853617.2026382218,1206825.8791834419,1560034.5557286616,1913243.2322738816,2266451.9088191018,2619660.5853643217,2972869.261909541,3326077.938454761,3679286.614999981
1935-06-01,147700.27899329996,462308.7130220412,776917.1470507825,1091525.5810795238,1406134.015108265,1720742.4491370062,2035350.8831657474,2349959.3171944884,2664567.75122323,2979176.185251971,3293784.619280712
1935-07-01,148143.33552462677,444944.60867770726,741745.8818307878,1038547.1549838684,1335348.4281369487,1632149.701290029,1928950.9744431102,2225752.247596191,2522553.5207492705,2819354.793902351,3116156.0670554317
1935-08-01,148617.34679717897,446585.38444430043,744553.422091422,1042521.4597385436,1340489.4973856648,1638457.5350327864,1936425.5726799082,2234393.6103270296,2532361.647974151,2830329.6856212723,3128297.723268394
1935-09-01,149063.15425682394,448632.6023599341,748202.0504630443,1047771.4985661546,1347340.9466692647,1646910.3947723748,1946479.8428754853,2246049.2909785956,2545618.7390817055,2845188.1871848158,3144757.635287926
1935-10-01,149510.29900511965,436901.39190681325,724292.4848085068,1011683.5777102005,1299074.670611894,1586465.7635135874,1873856.856415281,2161247.9493169747,2448639.0422186684,2736030.1351203616,3023421.2280220552
1935-11-01,150003.5843347704,424172.46757845266,698341.350822135,972510.2340658176,1246679.1173094998,1520848.0005531819,1795016.8837968647,2069185.7670405465,2343354.650284229,2617523.5335279107,2891692.4167715935
1935-12-01,150483.54780829485,415699.2610416507,680914.9742750067,946130.6875083626,1211346.4007417185,1476562.1139750741,1741777.8272084305,2006993.5404417862,2272209.253675142,2537424.9669084977,2802640.6801418536
1936-01-01,151040.2812618402,400994.22578518133,650948.1703085225,900902.1148318638,1150856.059355205,1400810.003878546,1650763.9484018874,1900717.8929252285,2150671.8374485695,2400625.7819719105,2650579.7264952515
1936-02-01,151553.76686956958,392767.6331921145,633981.4995146593,875195.3658372042,1116409.232159749,1357623.0984822938,1598836.9648048389,1840050.831127384,2081264.6974499288,2322478.563772473,2563692.430095018
1936-03-01,152099.25133340733,385362.8636662971,618626.4759991869,851890.0883320767,1085153.7006649664,1318417.312997856,1551680.925330746,1784944.5376636358,2018208.1499965254,2251471.762329415,2484735.3746623048
1936-04-01,152585.871613618,414439.6417026331,676293.4117916483,938147.1818806634,1200000.9519696783,1461854.7220586934,1723708.4921477088,1985562.262236724,2247416.032325739,2509269.802414754,2771123.572503769
1936-05-01,153180.83751973038,387398.2040662146,621615.5706126989,855832.937159183,1090050.3037056674,1324267.6702521513,1558485.0367986357,1792702.4033451201,2026919.769891604,2261137.1364380885,2495354.502984572
1936-06-01,153716.80965940698,379378.39485112857,605039.9800428502,830701.5652345718,1056363.1504262935,1282024.735618015,1507686.3208097368,1733347.9060014586,1959009.49119318,2184671.0763849015,2410332.661576623
1936-07-01,154239.3945537598,361842.95566155197,569446.5167693441,777050.0778771364,984653.6389849286,1192257.2000927206,1399860.761200513,1607464.3223083052,1815067.8834160971,2022671.444523889,2230275.0056316815
1936-08-01,154840.80790984826,343528.12576331577,532215.4436167832,720902.7614702509,909590.0793237183,1098277.3971771859,1286964.7150306536,1475652.032884121,1664339.3507375882,1853026.6685910563,2041713.9864445236
1936-09-01,155444.62667881956,340755.64768433775,526066.668689856,711377.6896953742,896688.7107008923,1081999.7317064106,1267310.752711929,1452621.773717447,1637932.7947229652,1823243.8157284833,2008554.8367340013
1936-10-01,156112.90491789114,336088.2042503401,516063.5035827891,696038.8029152382,876014.102247687,1055989.4015801363,1235964.7009125852,1415940.0002450345,1595915.2995774832,1775890.5989099322,1955865.8982423812
1936-11-01,156721.6843691254,333814.14372645057,510906.6030837757,687999.0624411011,865091.5217984262,1042183.9811557512,1219276.4405130767,1396368.8998704017,1573461.3592277267,1750553.818585052,1927646.2779423771
1936-12-01,157348.57110660188,335013.19535477157,512677.8196029412,690342.4438511108,868007.0680992804,1045671.6923474501,1223336.3165956198,1401000.9408437896,1578665.565091959,1756330.1893401286,1933994.8135882982
1937-01-01,158009.36902545774,345375.1860503665,532741.0030752752,720106.8201001841,907472.6371250927,1094838.4541500015,1282204.2711749105,1469570.088199819,1656935.9052247275,1844301.7222496367,2031667.5392745452
1937-02-01,158546.4934552585,345918.8849077885,533291.2763603185,720663.6678128486,908036.0592653786,1095408.4507179086,1282780.8421704387,1470153.2336229687,1657525.6250754986,1844898.0165280285,2032270.4079805587
1937-03-01,159148.90988874485,355894.05417306424,552639.1984573836,749384.342741703,946129.4870260224,1142874.6313103416,1339619.775594661,1536364.9198789804,1733110.0641632997,1929855.208447619,2126600.3527319385
1937-04-01,159610.30330939632,382791.4147268064,605972.5261442164,829153.6375616266,1052334.7489790367,1275515.8603964467,1498696.9718138569,1721878.0832312668,1945059.1946486768,2168240.3060660865,2391421.417483497
1937-05-01,160040.9927146884,375418.9052265417,590796.8177383951,806174.7302502485,1021552.6427621016,1236930.555273955,1452308.4677858083,1667686.380297662,1883064.2928095148,2098442.2053213683,2313820.1178332213
1937-06-01,160424.97590224713,392405.6389595102,624386.3020167734,856366.9650740365,1088347.6281312995,1320328.2911885625,1552308.9542458258,1784289.617303089,2016270.280360352,2248250.9434176153,2480231.606474878
1937-07-01,160890.06880449303,383626.3744990529,606362.6801936127,829098.9858881726,1051835.2915827325,1274571.597277292,1497307.902971852,1720044.2086664122,1942780.5143609717,2165516.820055532,2388253.125750091
1937-08-01,161356.55670644602,394764.98683653347,628173.416966621,861581.8470967085,1094990.2772267957,1328398.707356883,1561807.1374869708,1795215.5676170583,2028623.9977471456,2262032.427877233,2495440.85800732
1937-09-01,161808.1744181394,444260.18911601225,726712.2038138851,1009164.218511758,1291616.2332096307,1574068.2479075033,1856520.2626053765,2138972.277303249,2421424.292001122,2703876.3066989947,2986328.3213968673
1937-10-01,162406.74494938002,467519.17114572687,772631.5973420737,1077744.023538421,1382856.4497347674,1687968.8759311144,1993081.3021274616,2298193.7283238084,2603306.154520155,2908418.580716502,3213531.0069128484
1937-11-01,162958.81746770468,499699.23011108756,836439.6427544703,1173180.0553978533,1509920.468041236,1846660.8806846186,2183401.2933280016,2520141.7059713844,2856882.1186147667,3193622.5312581495,3530362.9439015323
1937-12-01,163496.5815653481,528474.8109237438,893453.0402821394,1258431.269640535,1623409.4989989304,1988387.7283573262,2353365.9577157223,2718344.1870741183,3083322.416432513,3448300.645790909,3813278.8751493045
1938-01-01,164150.5678916095,513465.6914349912,862780.8149783729,1212095.9385217545,1561411.0620651362,1910726.1856085176,2260041.3091518995,2609356.4326952808,2958671.5562386625,3307986.679782044,3657301.803325426
1938-02-01,164790.7551063868,482254.2580477109,799717.7609890349,1117181.2639303592,1434644.766871683,1752108.269813007,2069571.7727543311,2387035.2756956555,2704498.778636979,3021962.2815783033,3339425.784519627
1938-03-01,165433.50332612352,590415.967484611,1015398.4316430984,1440380.8958015859,1865363.3599600731,2290345.82411856,2715328.288277048,3140310.7524355357,3565293.2165940227,3990275.68075251,4415258.144910998
1938-04-01,166128.2545649692,571604.6980057647,977081.1414465604,1382557.584887356,1788034.0283281517,2193510.471768947,2598986.9152097427,3004463.3586505386,3409939.802091334,3815416.245532129,4220892.688972925
1938-05-01,166875.83171051156,601209.9938465004,1035544.1559824893,1469878.3181184782,1904212.480254467,2338546.6423904556,2772880.8045264445,3207214.9666624335,3641549.1287984224,4075883.2909344113,4510217.453070399
1938-06-01,167593.39778686676,518997.9865165419,870402.5752462172,1221807.1639758926,1573211.7527055675,1924616.3414352427,2276020.9301649183,2627425.518894593,2978830.1076242686,3330234.6963539436,3681639.285083619
1938-07-01,168414.68756500015,487044.2453537164,805673.8031424326,1124303.360931149,1442932.9187198651,1761562.4765085813,2080192.0342972977,2398821.592086014,2717451.14987473,3036080.707663446,3354710.2654521624
1938-08-01,169122.02925277312,503020.41378646356,836918.798320154,1170817.1828538445,1504715.5673875348,1838613.951921225,2172512.336454916,2506410.720988606,2840309.1055222964,3174207.490055986,3508105.874589677
1938-09-01,169815.29092037634,516271.4433128503,862727.5957053243,1209183.7480977986,1555639.9004902723,1902096.0528827463,2248552.205275221,2595008.3576676943,2941464.5100601683,3287920.6624526423,3634376.8148451163
1938-10-01,170545.4236580598,493533.1680128046,816520.9123675496,1139508.6567222944,1462496.401077039,1785484.145431784,2108471.889786529,2431459.6341412733,2754447.3784960187,3077435.122850763,3400422.8672055076
1938-11-01,171364.53315731828,520760.42250319954,870156.3118490808,1219552.201194962,1568948.0905408433,1918343.9798867244,2267739.8692326057,2617135.758578487,2966531.6479243683,3315927.5372702493,3665323.4266161304
1938-12-01,172101.40064989476,494468.5557735153,816835.7108971359,1139202.8660207565,1461570.021144377,1783937.1762679974,2106304.331391618,2428671.486515239,2751038.641638859,3073405.7967624795,3395772.9518861
1939-01-01,173030.84115745456,514302.8885703754,855574.9359832963,1196846.983396217,1538119.0308091377,1879391.0782220585,2220663.1256349795,2561935.1730479,2903207.220460821,3244479.267873741,3585751.3152866624
1939-02-01,173809.40208657066,484106.2772045345,794403.1523224983,1104700.027440462,1414996.902558426,1725293.7776763898,2035590.6527943534,2345887.5279123173,2656184.403030281,2966481.278148245,3276778.1532662082
1939-03-01,174626.38797496623,541317.1861542907,908007.9843336153,1274698.7825129398,1641389.5806922643,2008080.3788715887,2374771.177050913,2741461.975230238,3108152.773409562,3474843.571588887,3841534.369768211
1939-04-01,175551.90783123358,550501.3156983403,925450.723565447,1300400.131432554,1675349.5392996606,2050298.9471667674,2425248.3550338745,2800197.762900981,3175147.1707680873,3550096.578635195,3925045.986502301
1939-05-01,176376.91929689408,527617.1215676969,878857.3238384998,1230097.5261093029,1581337.7283801057,1932577.9306509087,2283818.132921712,2635058.3351925146,2986298.537463317,3337538.73973412,3688778.9420049232
1939-06-01,177258.71571373686,523112.11206367664,868965.5084136163,1214818.9047635563,1560672.301113496,1906525.6974634356,2252379.0938133756,2598232.4901633156,2944085.886513255,3289939.2828631946,3635792.6792131346
1939-07-01,178198.18690701967,468902.85495811066,759607.5230092015,1050312.1910602928,1341016.8591113833,1631721.5271624743,1922426.1952135656,2213130.863264656,2503835.531315747,2794540.199366838,3085244.8674179288
1939-08-01,179107.08855040907,509001.4462516776,838895.8039529461,1168790.1616542146,1498684.5193554831,1828578.8770567519,2158473.2347580204,2488367.592459289,2818261.9501605574,3148156.3078618264,3478050.6655630944
1939-09-01,180199.53254616735,452711.35644487443,725223.1803435816,997735.0042422888,1270246.8281409957,1542758.6520397027,1815270.47593841,2087782.2998371173,2360294.123735824,2632805.947634531,2905317.7715332382
1939-10-01,181280.72974144435,471764.1735464316,762247.6173514188,1052731.061156406,1343214.5049613933,1633697.9487663803,1924181.3925713678,2214664.836376355,2505148.2801813423,2795631.7239863295,3086115.1677913168
1939-11-01,182223.3895360999,473797.68683446315,765371.9841328264,1056946.28143119,1348520.5787295531,1640094.8760279163,1931669.17332628,2223243.470624643,2514817.7679230063,2806392.0652213697,3097966.3625197327
1939-12-01,183389.61922913094,460039.17687345657,736688.7345177822,1013338.2921621079,1289987.8498064333,1566637.407450759,1843286.9650950849,2119936.5227394104,2396586.0803837357,2673235.6380280615,2949885.1956723873
1940-01-01,184489.9569445057,445643.76952928037,706797.5821140552,967951.39469883,1229105.2072836044,1490259.0198683792,1751412.8324531545,2012566.6450379288,2273720.457622703,2534874.270207478,2796028.082792253
1940-02-01,185633.79467756164,458580.59860502294,731527.4025324843,1004474.2064599458,1277421.010387407,1550367.8143148683,1823314.6182423297,2096261.4221697913,2369208.226097252,2642155.0300247134,2915101.833952175
1940-03-01,186691.90730722377,452277.2814923082,717862.6556773926,983448.0298624772,1249033.4040475616,1514618.778232646,1780204.1524177305,2045789.5266028147,2311374.900787899,2576960.2749729836,2842545.649158068
1940-04-01,187625.36684375987,422740.5602094128,657855.7535750658,892970.9469407188,1128086.1403063717,1363201.3336720248,1598316.5270376778,1833431.7204033309,2068546.9137689837,2303662.107134637,2538777.3005002895
1940-05-01,188657.51279059012,474620.8441555963,760584.1755206024,1046547.5068856085,1332510.8382506147,1618474.1696156205,1904437.500980627,2190400.8323456333,2476364.163710639,2762327.4950756454,3048290.826440651
1940-06-01,189751.72636477556,441577.0078758701,693402.2893869645,945227.570898059,1197052.8524091537,1448878.1339202481,1700703.4154313428,1952528.6969424372,2204353.9784535314,2456179.259964626,2708004.5414757207
1940-07-01,190719.36340553194,453628.43882709515,716537.5142486584,979446.5896702217,1242355.665091785,1505264.740513348,1768173.8159349116,2031082.8913564747,2293991.9667780376,2556901.042199601,2819810.117621164
1940-08-01,191749.35096667783,462363.7080948151,732978.0652229523,1003592.4223510899,1274206.779479227,1544821.136607364,1815435.4937355015,2086049.8508636386,2356664.207991776,2627278.565119913,2897892.92224805
1940-09-01,192784.7974618979,469890.0923204703,746995.3871790427,1024100.682037615,1301205.9768961875,1578311.2717547596,1855416.5666133321,2132521.8614719044,2409627.156330477,2686732.451189049,2963837.7460476216
1940-10-01,193671.60753022262,456765.1167611039,719858.6259919853,982952.1352228668,1246045.6444537481,1509139.1536846294,1772232.6629155108,2035326.1721463923,2298419.6813772735,2561513.190608155,2824606.699839036
1940-11-01,194562.49692486163,476895.4409477659,759228.3849706701,1041561.3289935745,1323894.2730164786,1606227.2170393828,1888560.1610622874,2170893.1050851913,2453226.049108096,2735558.9931309996,3017891.9371539042
1940-12-01,195379.65941194605,494025.63234080607,792671.6052696662,1091317.5781985265,1389963.5511273865,1688609.5240562465,1987255.496985107,2285901.469913967,2584547.4428428267,2883193.4157716865,3181839.3887005467
1941-01-01,196141.71628934017,525928.778440997,855715.840592654,1185502.9027443111,1515289.9648959676,1845077.0270476248,2174864.0891992818,2504651.1513509387,2834438.213502595,3164225.275654252,3494012.337805909
1941-02-01,196808.66481957718,537802.3267957902,878795.9887720033,1219789.6507482165,1560783.3127244294,1901776.9747006425,2242770.6366768563,2583764.298653069,2924757.960629282,3265751.622605495,3606745.284581708
1941-03-01,197379.35287874792,551083.5024852933,904787.6520918388,1258491.801698384,1612195.9513049298,1965900.100911475,2319604.2505180207,2673308.400124566,3027012.549731111,3380716.699337656,3734420.8489442016
1941-04-01,197951.81024783337,586758.2883855364,975564.7665232396,1364371.2446609428,1753177.722798646,2141984.2009363486,2530790.6790740523,2919597.1572117554,3308403.635349458,3697210.113487162,4086016.591624865
1941-05-01,198525.87049755207,566838.8134601023,935151.7564226526,1303464.699385203,1671777.642347753,2040090.5853103034,2408403.528272854,2776716.471235404,3145029.414197954,3513342.357160505,3881655.3001230545
1941-06-01,199260.41621839302,547143.4962977162,895026.5763770393,1242909.6564563625,1590792.7365356856,1938675.8166150085,2286558.896694332,2634441.9767736546,2982325.0568529777,3330208.1369323013,3678091.217011624
1941-07-01,199997.4586456725,513109.82668439584,826222.194723119,1139334.5627618425,1452446.9308005658,1765559.2988392885,2078671.6668780122,2391784.0349167353,2704896.4029554585,3018008.7709941817,3331121.139032905
1941-08-01,200917.35496581058,528684.884248447,856452.4135310835,1184219.9428137199,1511987.4720963563,1839755.0013789928,2167522.530661629,2495290.0599442655,2823057.589226902,3150825.1185095385,3478592.647792175
1941-09-01,201640.5851206724,530669.2577513461,859697.9303820198,1188726.6030126933,1517755.275643367,1846783.9482740408,2175812.6209047143,2504841.2935353885,2833869.966166062,3162898.6387967356,3491927.3114274093
1941-10-01,202386.65528561888,535800.5393997215,869214.4235138242,1202628.307627927,1536042.1917420297,1869456.0758561322,2202869.959970235,2536283.844084338,2869697.7281984403,3203111.6123125427,3536525.4964266457
1941-11-01,203135.48591017566,543183.2451702396,883231.0044303034,1223278.7636903676,1563326.5229504313,1903374.2822104949,2243422.0414705593,2583469.800730623,2923517.559990687,3263565.3192507504,3603613.0785108143
1941-12-01,203866.70053798927,596685.2387297074,989503.7769214257,1382322.315113144,1775140.8533048623,2167959.39149658,2560777.9296882986,2953596.467880017,3346415.006071735,3739233.544263453,4132052.0824551713
1942-01-01,204417.03056343706,605173.295955753,1005929.5613480689,1406685.8267403853,1807442.0921327008,2208198.357525017,2608954.622917333,3009710.888309649,3410467.1537019648,3811223.419094281,4211979.684486597
1942-02-01,204907.5823816073,629664.7432252069,1054421.9040688064,1479179.064912406,1903936.2257560054,2328693.386599605,2753450.547443205,3178207.708286804,3602964.869130404,4027722.029974004,4452479.190817603
1942-03-01,205440.28882515524,665798.3320565334,1126156.3752879116,1586514.41851929,2046872.461750668,2507230.504982046,2967588.5482134246,3427946.5914448025,3888304.634676181,4348662.677907559,4809020.721138937
1942-04-01,206015.46411633672,691155.5573242707,1176295.650532205,1661435.7437401388,2146575.836948073,2631715.9301560065,3116856.023363941,3601996.116571875,4087136.209779809,4572276.302987742,5057416.396195676
1942-05-01,206571.53904697104,670660.9949068916,1134750.4507668123,1598839.906626733,2062929.3624866535,2527018.818346574,2991108.274206495,3455197.7300664154,3919287.1859263363,4383376.641786256,4847466.097646177
1942-06-01,207129.17067607216,648317.9403812549,1089506.7100864376,1530695.4797916205,1971884.249496803,2413073.0192019856,2854261.788907169,3295450.558612351,3736639.328317534,4177828.0980227157,4619016.867727899
1942-07-01,207708.95841764272,630861.53998326,1054014.121548877,1477166.7031144944,1900319.2846801116,2323471.8662457285,2746624.447811346,3169777.029376963,3592929.6109425807,4016082.1925081974,4439234.774073815
1942-08-01,208248.83974513036,638889.2932969693,1069529.7468488081,1500170.2004006475,1930810.653952486,2361451.1075043255,2792091.5610561646,3222732.014608003,3653372.4681598423,4084012.921711681,4514653.37526352
1942-09-01,208894.2175350033,624296.675787487,1039699.1340399707,1455101.5922924546,1870504.0505449383,2285906.5087974216,2701308.9670499056,3116711.425302389,3532113.883554873,3947516.3418073566,4362918.80005984
1942-10-01,209666.89433684258,600778.6001320191,991890.3059271958,1383002.0117223726,1774113.717517549,2165225.4233127255,2556337.1291079023,2947448.834903079,3338560.540698255,3729672.2464934317,4120783.952288608
1942-11-01,210379.5479814944,621209.2963300464,1032039.0446785984,1442868.7930271507,1853698.5413757022,2264528.289724254,2675358.038072807,3086187.786421358,3497017.53476991,3907847.2831184627,4318677.031467014
1942-12-01,211094.62392184927,604688.2074627759,998281.7910037024,1391875.3745446291,1785468.9580855556,2179062.541626482,2572656.125167409,2966249.7087083356,3359843.292249262,3753436.8757901886,4147030.459331115
1943-01-01,211959.85231141176,566806.1867267846,921652.5211421574,1276498.8555575304,1631345.189972903,1986191.5243882758,2341037.858803649,2695884.1932190214,3050730.5276343944,3405576.862049767,3760423.1964651397
1943-02-01,212786.24781677462,529942.1694953787,847098.091173983,1164254.012852587,1481409.9345311911,1798565.8562097952,2115721.7778883995,2432877.699567003,2750033.6212456077,3067189.5429242114,3384345.4646028155
1943-03-01,213700.95427045098,508747.6948513409,803794.4354322306,1098841.1760131207,1393887.9165940105,1688934.6571749002,1983981.3977557905,2279028.13833668,2574074.8789175698,2869121.6194984596,3164168.3600793495
1943-04-01,214747.774900187,490862.9689194154,766978.1629386437,1043093.3569578723,1319208.5509771004,1595323.7449963288,1871438.9390155575,2147554.1330347857,2423669.327054014,2699784.521073242,2975899.715092471
1943-05-01,215799.82858646102,468654.239421792,721508.650257123,974363.0610924541,1227217.4719277848,1480071.882763116,1732926.2935984475,1985780.7044337783,2238635.1152691087,2491489.52610444,2744343.936939771
1943-06-01,216835.35710512,461745.2324116142,706655.1077181085,951564.9830246029,1196474.858331097,1441384.7336375911,1686294.6089440857,1931204.4842505795,2176114.359557074,2421024.2348635676,2665934.110170062
1943-07-01,218157.65609376476,492127.6298678769,766097.603641989,1040067.577416101,1314037.5511902133,1588007.5249643251,1861977.4987384374,2135947.4725125493,2409917.4462866616,2683887.420060774,2957857.3938348857
1943-08-01,219618.87402421367,480453.0236441186,741287.1732640235,1002121.3228839283,1262955.4725038332,1523789.622123738,1784623.771743643,2045457.921363548,2306292.0709834527,2567126.2206033575,2827960.3702232623
1943-09-01,221045.9685770056,489992.41362981574,758938.8586826259,1027885.3037354362,1296831.7487882462,1565778.1938410562,1834724.6388938664,2103671.083946677,2372617.5289994865,2641563.974052297,2910510.419105107
1943-10-01,222416.0425599879,493992.348938164,765568.6553163403,1037144.9616945165,1308721.2680726924,1580297.5744508686,1851873.880829045,2123450.1872072215,2395026.4935853975,2666602.7999635735,2938179.1063417494
1943-11-01,223594.49405010894,475319.38253529835,727044.2710204879,978769.1595056774,1230494.0479908667,1482218.936476056,1733943.8249612455,1985668.713446435,2237393.6019316246,2489118.4904168136,2740843.378902003
1943-12-01,224958.01140860698,463228.7283563277,701499.4453040484,939770.162251769,1178040.8791994897,1416311.59614721,1654582.313094931,1892853.0300426516,2131123.7469903724,2369394.463938093,2607665.180885813
1944-01-01,226307.3546740789,461112.1313650645,695916.9080560501,930721.6847470357,1165526.4614380212,1400331.2381290067,1635136.0148199927,1869940.791510978,2104745.5682019633,2339550.3448929493,2574355.121583935
1944-02-01,227551.6718296398,461514.06916159956,695476.4664935594,929438.8638255191,1163401.2611574787,1397363.6584894385,1631326.0558213983,1865288.453153358,2099250.850485318,2333213.2478172774,2567175.645149237
1944-03-01,228780.20515085576,450745.8102767608,672711.4154026657,894677.0205285709,1116642.6256544758,1338608.2307803808,1560573.835906286,1782539.4410321908,2004505.0461580956,2226470.651284001,2448436.256409906
1944-04-01,230426.92861090356,445082.2318851125,659737.5351593213,874392.8384335302,1089048.141707739,1303703.444981948,1518358.7482561572,1733014.0515303658,1947669.3548045745,2162324.6580787837,2376979.9613529923
1944-05-01,232085.50492400833,426086.4733051255,620087.4416862428,814088.41006736,1008089.3784484772,1202090.3468295946,1396091.315210712,1590092.2835918288,1784093.251972946,1978094.2203540632,2172095.1887351805
1944-06-01,233407.99555488589,411264.87048371736,589121.7454125488,766978.6203413801,944835.4952702116,1122692.370199043,1300549.2451278744,1478406.120056706,1656262.9949855374,1834119.8699143685,2011976.7448432
1944-07-01,234971.36011573518,400625.35627614695,566279.3524365588,731933.3485969707,897587.3447573823,1063241.340917794,1228895.3370782062,1394549.3332386177,1560203.3293990295,1725857.3255594412,1891511.3217198532
1944-08-01,236310.2951878735,382503.80317678145,528697.3111656894,674890.8191545974,821084.3271435053,967277.8351324132,1113471.3431213212,1259664.8511102293,1405858.3590991371,1552051.867088045,1698245.3750769529
1944-09-01,238176.77322425085,365476.4522486371,492776.1312730233,620075.8102974095,747375.4893217958,874675.168346182,1001974.8473705683,1129274.5263949544,1256574.2054193406,1383873.8844437269,1511173.563468113
1944-10-01,239319.6788640349,391286.5641282968,543253.4493925587,695220.3346568205,847187.2199210824,999154.1051853442,1151120.9904496062,1303087.875713868,1455054.76097813,1607021.6462423918,1758988.5315066536
1944-11-01,240539.8431769479,382478.0830679753,524416.3229590027,666354.56285003,808292.8027410575,950231.0426320848,1092169.2825231124,1234107.5224141395,1376045.762305167,1517984.0021961944,1659922.2420872217
1944-12-01,242175.18704177768,373102.8127402551,504030.43843873247,634958.0641372099,765885.6898356872,896813.3155341645,1027740.941232642,1158668.5669311194,1289596.1926295967,1420523.818328074,1551451.4440265512
1945-01-01,243506.75110129023,392865.72659879894,542224.7020963077,691583.6775938163,840942.653091325,990301.6285888336,1139660.6040863423,1289019.579583851,1438378.5550813598,1587737.5305788682,1737096.506076377
1945-02-01,244504.9291451963,393339.0091050627,542173.089064929,691007.1690247954,839841.2489846619,988675.3289445281,1137509.4089043946,1286343.4888642607,1435177.5688241273,1584011.6487839937,1732845.72874386
1945-03-01,245458.3076931532,406745.80255241966,568033.297411686,729320.7922709526,890608.2871302189,1051895.7819894853,1213183.276848752,1374470.7717080184,1535758.2665672845,1697045.761426551,1858333.2562858174
1945-04-01,246464.38493152364,402188.12041859346,557911.8559056633,713635.5913927332,869359.3268798029,1025083.0623668728,1180806.7978539427,1336530.5333410127,1492254.2688280824,1647978.004315152,1803701.7398022218
1945-05-01,247474.5858494674,409956.2240442267,572437.8622389858,734919.5004337451,897401.1386285042,1059882.7768232634,1222364.4150180228,1384846.053212782,1547327.691407541,1709809.3296023002,1872290.9677970596
1945-06-01,248439.5437427019,419905.5117762341,591371.4798097662,762837.4478432983,934303.4158768305,1105769.3839103624,1277235.3519438948,1448701.3199774267,1620167.288010959,1791633.256044491,1963099.224078023
1945-07-01,249557.1863967474,412927.39781679586,576297.6092368443,739667.8206568928,903038.0320769413,1066408.2434969896,1229778.4549170383,1393148.6663370868,1556518.8777571353,1719889.0891771836,1883259.300597232
1945-08-01,250679.85693437187,398676.7541682885,546673.6514022051,694670.5486361218,842667.4458700385,990664.3431039549,1138661.2403378717,1286658.1375717882,1434655.034805705,1582651.9320396215,1730648.829273538
1945-09-01,251932.88031203006,385718.1827332732,519503.4851545163,653288.7875757595,787074.0899970025,920859.3924182456,1054644.6948394887,1188429.9972607319,1322215.299681975,1456000.6021032177,1589785.9045244611
1945-10-01,253267.72412454028,389917.98363188026,526568.2431392202,663218.5026465603,799868.7621539002,936519.0216612401,1073169.2811685803,1209819.5406759202,1346469.80018326,1483120.0596906,1619770.31919794
1945-11-01,254255.27073930288,387180.65345150407,520106.0361637051,653031.4188759063,785956.8015881074,918882.1843003085,1051807.5670125096,1184732.949724711,1317658.332436912,1450583.7151491132,1583509.0978613142
1945-12-01,255399.07631595668,384549.3283331722,513699.5803503877,642849.8323676032,772000.0843848187,901150.3364020343,1030300.5884192497,1159450.8404364653,1288601.0924536807,1417751.3444708963,1546901.5964881117
1946-01-01,256522.495226074,394803.67733656295,533084.8594470518,671366.0415575407,809647.2236680295,947928.4057785183,1086209.5878890073,1224490.7699994962,1362771.952109985,1501053.1342204737,1639334.3163309626
1946-02-01,257317.47646690306,406762.4980512471,556207.519635591,705652.5412199349,855097.5628042789,1004542.5843886228,1153987.6059729669,1303432.627557311,1452877.6491416546,1602322.6707259987,1751767.6923103426
1946-03-01,258269.2655930922,402342.79919252015,546416.3327919482,690489.8663913762,834563.3999908041,978636.9335902322,1122710.4671896603,1266784.0007890882,1410857.534388516,1554931.067987944,1699004.601587372
1946-04-01,259276.21364449055,394563.36806657386,529850.5224886572,665137.6769107404,800424.8313328238,935711.9857549069,1070999.1401769903,1206286.2945990735,1341573.4490211569,1476860.6034432403,1612147.7578653235
1946-05-01,260157.488388458,387696.6038964458,515235.7194044336,642774.8349124215,770313.9504204093,897853.0659283971,1025392.1814363851,1152931.2969443728,1280470.4124523606,1408009.5279603484,1535548.6434683362
1946-06-01,261197.80624665413,401969.51486268616,542741.2234787182,683512.9320947502,824284.6407107821,965056.3493268141,1105828.0579428463,1246599.7665588781,1387371.4751749102,1528143.1837909422,1668914.892406974
1946-07-01,262346.73191643896,406552.60675661877,550758.4815967984,694964.3564369783,839170.231277158,983376.1061173378,1127581.9809575176,1271787.8557976973,1415993.730637877,1560199.605478057,1704405.4803182366
1946-08-01,263369.57731729245,418912.3750731939,574455.1728290954,729997.9705849969,885540.7683408984,1041083.5660967999,1196626.3638527014,1352169.1616086029,1507711.9593645046,1663254.7571204058,1818797.5548763075
1946-09-01,264449.06873686746,445490.80557472387,626532.5424125802,807574.2792504365,988616.0160882928,1169657.7529261492,1350699.4897640056,1531741.226601862,1712782.9634397184,1893824.7002775744,2074866.4371154308
1946-10-01,265453.6738165441,445132.22587189265,624810.777927241,804489.3299825897,984167.8820379382,1163846.4340932867,1343524.9861486354,1523203.538203984,1702882.0902593324,1882560.6423146809,2062239.1943700293
1946-11-01,266435.5578444559,447562.4462403166,628689.3346361774,809816.2230320382,990943.111427899,1172069.9998237595,1353196.8882196206,1534323.7766154814,1715450.6650113421,1896577.5534072027,2077704.4418030635
1946-12-01,267421.07375370845,450527.1150004468,633633.1562471852,816739.1974939236,999845.2387406619,1182951.2799874004,1366057.3212341387,1549163.3624808772,1732269.4037276155,1915375.4449743538,2098481.4862210923
1947-01-01,268303.29862963257,441064.9134424963,613826.52825536,786588.1430682237,959349.7578810874,1132111.372693951,1304872.987506815,1477634.6023196785,1650396.2171325418,1823157.8319454058,1995919.4467582693
1947-02-01,269161.61169132905,440768.2246837905,612374.837676252,783981.4506687134,955588.0636611748,1127194.6766536364,1298801.289646098,1470407.9026385592,1642014.5156310205,1813621.1286234818,1985227.7416159434
1947-03-01,270103.39479731716,442988.4322898546,615873.4697823923,788758.5072749296,961643.5447674672,1134528.5822600045,1307413.619752542,1480298.6572450798,1653183.6947376172,1826068.7322301543,1998953.7697226917
1947-04-01,271048.4731555998,454964.1261763022,638879.7791970046,822795.4322177072,1006711.0852384096,1190626.738259112,1374542.3912798145,1558458.0443005168,1742373.6973212194,1926289.3503419217,2110205.003362624
1947-05-01,271969.7615778028,455431.1833533658,638892.6051289288,822354.0269044918,1005815.4486800546,1189276.8704556178,1372738.292231181,1556199.7140067439,1739661.1357823065,1923122.5575578697,2106583.979333433
1947-06-01,272975.74789974355,455916.5742372073,638857.400574671,821798.2269121348,1004739.0532495985,1187679.879587062,1370620.705924526,1553561.5322619895,1736502.3585994532,1919443.1849369167,2102384.0112743806
1947-07-01,274040.0340307135,445914.4229405448,617788.8118503762,789663.2007602076,961537.5896700389,1133411.9785798702,1305286.3674897016,1477160.756399533,1649035.1453093642,1820909.5342191954,1992783.9231290268
1947-08-01,275163.2612020887,447716.03421136667,620268.8072206447,792821.5802299228,965374.3532392008,1137927.126248479,1310479.899257757,1483032.6722670349,1655585.4452763128,1828138.218285591,2000690.991294869
1947-09-01,276180.7547723936,449918.3964254737,623656.0380785537,797393.6797316339,971131.3213847138,1144868.9630377938,1318606.604690874,1492344.2463439538,1666081.887997034,1839819.529650114,2013557.171303194
1947-10-01,277367.619898839,438358.8830354908,599350.1461721426,760341.4093087943,921332.6724454459,1082323.9355820976,1243315.1987187495,1404306.4618554015,1565297.7249920531,1726288.9881287047,1887280.2512653563
1947-11-01,278587.30561496434,451830.630990278,625073.9563655916,798317.2817409053,971560.6071162189,1144803.9324915325,1318047.2578668462,1491290.5832421598,1664533.9086174732,1837777.2339927868,2011020.5593681005
1947-12-01,279728.6005320521,448312.56612821145,616896.5317243709,785480.4973205302,954064.4629166897,1122648.4285128491,1291232.3941090084,1459816.359705168,1628400.3253013275,1796984.2908974865,1965568.256493646
1948-01-01,280902.6388274796,445995.79969622375,611088.9605649678,776182.1214337121,941275.2823024562,1106368.4431712,1271461.6040399445,1436554.7649086886,1601647.9257774325,1766741.0866461769,1931834.2475149208
1948-02-01,281997.39279113227,453804.7795453593,625612.1662995864,797419.5530538136,969226.9398080407,1141034.326562268,1312841.713316495,1484649.1000707222,1656456.486824949,1828263.8735791764,2000071.2603334032
1948-03-01,283237.0656138736,446010.74065439653,608784.4156949194,771558.0907354425,934331.7657759654,1097105.4408164881,1259879.1158570114,1422652.7908975342,1585426.465938057,1748200.14097858,1910973.816019103
1948-04-01,284538.9146364788,455804.17037675565,627069.4261170325,798334.6818573094,969599.9375975861,1140865.1933378628,1312130.4490781398,1483395.7048184166,1654660.9605586934,1825926.21629897,1997191.472039247
1948-05-01,285761.4539379743,447364.7981581938,608968.1423784134,770571.4865986329,932174.8308188523,1093778.1750390718,1255381.5192592915,1416984.8634795109,1578588.2076997303,1740191.55191995,1901794.8961401694
1948-06-01,287046.22418747074,446371.6332584772,605697.0423294835,765022.45140049,924347.8604714964,1083673.269542503,1242998.6786135095,1402324.0876845159,1561649.4967555222,1720974.9058265286,1880300.314897535
1948-07-01,288422.9446871713,468749.21577463474,649075.4868620982,829401.7579495616,1009728.0290370251,1190054.3001244885,1370380.5712119523,1550706.8422994155,1731033.113386879,1911359.3844743425,2091685.6555618057
1948-08-01,289777.31359518383,478328.2190355445,666879.1244759051,855430.0299162657,1043980.9353566263,1232531.8407969866,1421082.7462373476,1609633.651677708,1798184.557118069,1986735.462558429,2175286.3679987895
1948-09-01,291457.3499994734,484614.4506287072,677771.5512579409,870928.6518871748,1064085.7525164082,1257242.8531456422,1450399.9537748762,1643557.05440411,1836714.1550333435,2029871.2556625772,2223028.356291811
1948-10-01,293321.93120698753,450178.8489085406,607035.7666100938,763892.6843116469,920749.6020131999,1077606.5197147531,1234463.4374163065,1391320.3551178593,1548177.2728194124,1705034.1905209653,1861891.1082225186
1948-11-01,295257.0818926793,478011.59366073244,660766.1054287857,843520.6171968387,1026275.1289648918,1209029.640732945,1391784.152500998,1574538.6642690513,1757293.176037104,1940047.6878051572,2122802.1995732104
1948-12-01,297441.1106871677,476586.49002175883,655731.8693563498,834877.2486909411,1014022.6280255321,1193168.0073601233,1372313.3866947147,1551458.7660293055,1730604.1453638966,1909749.5246984877,2088894.904033079
1949-01-01,299431.9752641943,488080.50102535915,676729.026786524,865377.5525476888,1054026.0783088536,1242674.6040700183,1431323.1298311832,1619971.655592348,1808620.181353513,1997268.7071146776,2185917.232875842
1949-02-01,301346.6167285679,489826.1764622008,678305.7361958339,866785.2959294667,1055264.8556630998,1243744.4153967323,1432223.9751303655,1620703.5348639984,1809183.0945976311,1997662.654331264,2186142.214064897
1949-03-01,303484.04028378514,496640.6030855846,689797.1658873841,882953.7286891837,1076110.291490983,1269266.8542927825,1462423.4170945822,1655579.9798963815,1848736.5426981808,2041893.1054999803,2235049.66830178
1949-04-01,305636.8394505499,504289.76422880794,702942.689007066,901595.613785324,1100248.538563582,1298901.4633418398,1497554.3881200983,1696207.3128983562,1894860.2376766142,2093513.1624548722,2292166.0872331304
1949-05-01,307835.2263077365,509808.51949546713,711781.8126831978,913755.1058709285,1115728.399058659,1317701.6922463898,1519674.9854341205,1721648.2786218512,1923621.5718095817,2125594.864997313,2327568.1581850434
1949-06-01,310018.672967862,522110.6257849133,734202.5786019646,946294.531419016,1158386.4842360672,1370478.4370531184,1582570.3898701698,1794662.342687221,2006754.2955042724,2218846.2483213237,2430938.201138375
1949-07-01,312124.9043358112,514731.7088332711,717338.5133307308,919945.3178281906,1122552.1223256506,1325158.9268231103,1527765.7313205702,1730372.5358180301,1932979.3403154898,2135586.14481295,2338192.9493104094
1949-08-01,314245.4451985194,524906.304302732,735567.1634069447,946228.0225111573,1156888.8816153698,1367549.7407195824,1578210.5998237953,1788871.4589280076,1999532.3180322202,2210193.177136433,2420854.036240645
1949-09-01,316568.77050021605,519536.24276601593,722503.7150318157,925471.1872976156,1128438.6595634152,1331406.131829215,1534373.6040950152,1737341.076360815,1940308.5486266147,2143276.0208924143,2346243.4931582143
1949-10-01,319035.78659563273,497982.7444664265,676929.7023372202,855876.6602080141,1034823.6180788076,1213770.5759496014,1392717.5338203951,1571664.491691189,1750611.4495619826,1929558.4074327766,2108505.36530357
1949-11-01,321936.69152970513,509533.3402184192,697129.9889071333,884726.6375958475,1072323.2862845615,1259919.9349732755,1447516.5836619898,1635113.2323507038,1822709.8810394178,2010306.5297281318,2197903.178416846
1949-12-01,324702.8575274632,506801.2247432259,688899.5919589887,870997.9591747515,1053096.3263905144,1235194.693606277,1417293.0608220398,1599391.4280378027,1781489.7952535653,1963588.162469328,2145686.5296850908
1950-01-01,327006.17483033537,518381.08353408414,709755.9922378329,901130.9009415818,1092505.8096453303,1283880.7183490794,1475255.6270528282,1666630.5357565768,1858005.4444603256,2049380.3531640745,2240755.261867823
1950-02-01,329619.8719016141,516519.72324423527,703419.5745868564,890319.4259294776,1077219.2772720987,1264119.1286147197,1451018.979957341,1637918.831299962,1824818.682642583,2011718.5339852038,2198618.3853278253
1950-03-01,333274.99735426914,491502.34135236597,649729.6853504628,807957.0293485593,966184.3733466561,1124411.7173447527,1282639.0613428496,1440866.4053409465,1599093.7493390432,1757321.0933371398,1915548.4373352365
1950-04-01,337170.80859319883,497181.3554297752,657191.9022663514,817202.4491029276,977212.995939504,1137223.5427760803,1297234.0896126565,1457244.636449233,1617255.1832858091,1777265.7301223855,1937276.2769589617
1950-05-01,339562.3298129906,502394.92530998826,665227.5208069859,828060.1163039836,990892.7118009812,1153725.3072979788,1316557.9027949767,1479390.4982919742,1642223.093788972,1805055.6892859696,1967888.2847829668
1950-06-01,341292.36765719275,523706.0960717017,706119.8244862107,888533.5529007195,1070947.2813152284,1253361.0097297374,1435774.7381442464,1618188.4665587554,1800602.1949732641,1983015.9233877729,2165429.651802282
1950-07-01,342758.45874702866,536912.2865974832,731066.1144479378,925219.9422983924,1119373.770148847,1313527.5979993015,1507681.4258497565,1701835.253700211,1895989.081550665,2090142.90940112,2284296.7372515746
1950-08-01,344607.505377633,532983.2096104375,721358.913843242,909734.6180760466,1098110.322308851,1286486.0265416554,1474861.7307744604,1663237.4350072646,1851613.139240069,2039988.8434728733,2228364.547705678
1950-09-01,346845.21645151294,530791.886705735,714738.5569599571,898685.2272141791,1082631.8974684011,1266578.5677226232,1450525.2379768451,1634471.9082310675,1818418.5784852894,2002365.248739511,2186311.9189937334
1950-10-01,349720.58131023025,537886.6725019043,726052.7636935784,914218.8548852525,1102384.9460769263,1290551.0372686004,1478717.1284602748,1666883.2196519484,1855049.3108436225,2043215.402035297,2231381.4932269705
1950-11-01,352689.93995685596,557286.3206730549,761882.701389254,966479.0821054529,1171075.462821652,1375671.8435378508,1580268.2242540498,1784864.6049702489,1989460.9856864477,2194057.3664026465,2398653.7471188456
1950-12-01,356917.56884456205,541049.4450112608,725181.3211779596,909313.1973446582,1093445.073511357,1277576.9496780557,1461708.8258447542,1645840.7020114532,1829972.5781781517,2014104.4543448505,2198236.330511549
1951-01-01,360161.30186811683,523508.9844021768,686856.6669362369,850204.3494702969,1013552.0320043568,1176899.7145384168,1340247.397072477,1503595.0796065368,1666942.762140597,1830290.444674657,1993638.1272087167
1951-02-01,363651.3764216843,527003.6030894493,690355.8297572144,853708.0564249795,1017060.2830927445,1180412.5097605095,1343764.7364282745,1507116.9630960396,1670469.1897638047,1833821.4164315697,1997173.6430993346
1951-03-01,367647.1462155493,544729.875890327,721812.6055651047,898895.3352398827,1075978.0649146603,1253060.7945894382,1430143.524264216,1607226.253938994,1784308.9836137714,1961391.7132885493,2138474.442963327
1951-04-01,371135.2595572528,535505.5814898339,699875.9034224151,864246.2253549963,1028616.5472875774,1192986.8692201586,1357357.1911527398,1521727.513085321,1686097.835017902,1850468.1569504833,2014838.4788830644
1951-05-01,374953.3709969645,546196.6193527472,717439.86770853,888683.1160643126,1059926.3644200952,1231169.6127758778,1402412.8611316606,1573656.1094874435,1744899.3578432263,1916142.6061990089,2087385.8545547915
1951-06-01,379559.7697816858,553596.8930799247,727634.016378164,901671.139676403,1075708.262974642,1249745.3862728812,1423782.5095711201,1597819.6328693593,1771856.7561675983,1945893.8794658373,2119931.0027640765
1951-07-01,383767.4132897025,542753.3182677465,701739.2232457905,860725.1282238344,1019711.0332018783,1178696.9381799223,1337682.8431579662,1496668.7481360103,1655654.6531140541,1814640.5580920985,1973626.463070142
1951-08-01,388175.0086685408,527516.8933686197,666858.7780686988,806200.6627687779,945542.5474688568,1084884.4321689357,1224226.3168690146,1363568.2015690939,1502910.0862691728,1642251.9709692516,1781593.8556693308
1951-09-01,392517.3579464952,519461.71630548645,646406.0746644778,773350.4330234693,900294.7913824606,1027239.149741452,1154183.5081004433,1281127.8664594346,1408072.224818426,1535016.5831774173,1661960.9415364084
1951-10-01,396632.2064473323,537634.6774191706,678637.1483910088,819639.6193628472,960642.0903346853,1101644.5613065236,1242647.032278362,1383649.5032502,1524651.9742220386,1665654.4451938767,1806656.9161657149
1951-11-01,400435.6917953433,547840.1790581887,695244.6663210341,842649.1535838795,990053.6408467249,1137458.1281095701,1284862.6153724156,1432267.1026352611,1579671.5898981064,1727076.0771609521,1874480.5644237972
1951-12-01,403435.3598821049,539287.5610466931,675139.7622112815,810991.9633758697,946844.164540458,1082696.365705046,1218548.5668696347,1354400.7680342225,1490252.9691988109,1626105.1703633992,1761957.3715279873
1952-01-01,406053.762117984,534655.2567132581,663256.7513085322,791858.2459038063,920459.7404990803,1049061.2350943543,1177662.7296896286,1306264.2242849027,1434865.7188801765,1563467.2134754506,1692068.7080707247
1952-02-01,409298.29877094424,533374.6767202788,657451.0546696134,781527.4326189479,905603.8105682825,1029680.188517617,1153756.5664669517,1277832.9444162862,1401909.3223656206,1525985.700314955,1650062.0782642898
1952-03-01,412855.2812894809,528069.1847059054,643283.08812233,758496.9915387543,873710.894955179,988924.7983716032,1104138.701788028,1219352.6052044523,1334566.5086208768,1449780.412037301,1564994.3154537256
1952-04-01,417020.12182186614,546982.2785350083,676944.4352481505,806906.5919612927,936868.7486744347,1066830.905387577,1196793.062100719,1326755.2188138613,1456717.3755270033,1586679.5322401454,1716641.6889532877
1952-05-01,420893.37372733204,540168.0228522598,659442.6719771876,778717.3211021153,897991.9702270431,1017266.6193519708,1136541.2684768988,1255815.9176018264,1375090.5667267542,1494365.215851682,1613639.8649766096
1952-06-01,424297.5038593259,533750.6941252929,643203.8843912601,752657.0746572271,862110.2649231942,971563.4551891611,1081016.6454551285,1190469.8357210953,1299923.0259870624,1409376.2162530294,1518829.4065189965
1952-07-01,428110.4619569145,532358.0516486998,636605.6413404851,740853.2310322704,845100.8207240555,949348.4104158407,1053596.000107626,1157843.5897994111,1262091.1794911965,1366338.7691829815,1470586.3588747669
1952-08-01,430718.02443113906,553364.6425257442,676011.2606203493,798657.8787149545,921304.4968095595,1043951.1149041646,1166597.73299877,1289244.3510933751,1411890.96918798,1534537.5872825852,1657184.2053771904
1952-09-01,432223.1293487799,560968.3009140093,689713.4724792388,818458.6440444681,947203.8156096975,1075948.987174927,1204694.1587401563,1333439.3303053859,1462184.5018706154,1590929.6734358447,1719674.845001074
1952-10-01,434165.414232013,584169.0762740008,734172.7383159887,884176.4003579766,1034180.0623999642,1184183.724441952,1334187.38648394,1484191.0485259278,1634194.7105679153,1784198.3726099033,1934202.034651891
1952-11-01,436464.1921495257,584870.2114308871,733276.2307122486,881682.2499936102,1030088.2692749714,1178494.288556333,1326900.3078376947,1475306.327119056,1623712.3464004172,1772118.3656817786,1920524.3849631401
1952-12-01,438686.60367105325,583405.2781471128,728123.9526231724,872842.6270992323,1017561.3015752916,1162279.9760513513,1306998.6505274111,1451717.3250034705,1596435.9994795301,1741154.6739555895,1885873.3484316492
1953-01-01,441007.92855070194,593920.6327648088,746833.3369789156,899746.0411930224,1052658.7454071292,1205571.449621236,1358484.153835343,1511396.8580494497,1664309.5622635563,1817222.266477663,1970134.97069177
1953-02-01,443121.8071776673,602411.9397923304,761702.0724069935,920992.2050216566,1080282.3376363197,1239572.4702509828,1398862.602865646,1558152.7354803092,1717442.868094972,1876733.0007096352,2036023.1333242983
1953-03-01,445112.27247243637,613894.7791841408,782677.2858958455,951459.79260755,1120242.2993192545,1289024.806030959,1457807.3127426635,1626589.819454368,1795372.3261660724,1964154.832877777,2132937.3395894817
1953-04-01,447556.4792402067,638096.7135228259,828636.947805445,1019177.1820880643,1209717.4163706831,1400257.6506533024,1590797.8849359218,1781338.1192185406,1971878.35350116,2162418.587783779,2352958.8220663983
1953-05-01,449879.82324744377,641402.9978487217,832926.1724499997,1024449.3470512775,1215972.5216525553,1407495.6962538331,1599018.8708551112,1790542.0454563892,1982065.2200576668,2173588.3946589446,2365111.5692602224
1953-06-01,452080.27357077424,656497.5124615917,860914.7513524093,1065331.9902432268,1269749.2291340441,1474166.4680248618,1678583.7069156794,1883000.9458064968,2087418.1846973142,2291835.4235881316,2496252.662478949
1953-07-01,454743.55226679763,644605.8205491037,834468.0888314097,1024330.3571137156,1214192.6253960216,1404054.8936783273,1593917.1619606337,1783779.4302429394,1973641.6985252458,2163503.966807551,2353366.2350898576
1953-08-01,457421.985888016,658462.0263224432,859502.0667568704,1060542.1071912975,1261582.1476257248,1462622.1880601519,1663662.228494579,1864702.2689290065,2065742.3093634336,2266782.3497978607,2467822.390232288
1953-09-01,460162.13356705726,664149.0891241895,868136.0446813217,1072123.000238454,1276109.955795586,1480096.911352718,1684083.8669098506,1888070.8224669828,2092057.7780241147,2296044.733581247,2500031.689138379
1953-10-01,463057.39117364085,649090.1265180721,835122.8618625035,1021155.5972069348,1207188.332551366,1393221.0678957973,1579253.8032402287,1765286.53858466,1951319.2739290912,2137352.0092735225,2323384.744617954
1953-11-01,465926.0520702007,651559.047989151,837192.0439081013,1022825.0398270516,1208458.0357460016,1394091.031664952,1579724.0275839025,1765357.0235028528,1950990.0194218026,2136623.0153407534,2322256.0112597034
1953-12-01,468717.97887777066,651312.436481018,833906.8940842653,1016501.3516875127,1199095.80929076,1381690.266894007,1564284.7244972547,1746879.182100502,1929473.639703749,2112068.097306996,2294662.5549102435
1954-01-01,471761.2980893449,640096.805421543,808432.3127537412,976767.8200859394,1145103.3274181373,1313438.8347503354,1481774.3420825338,1650109.849414732,1818445.3567469297,1986780.8640791283,2155116.3714113263
1954-02-01,474778.45838491,630526.3493983976,786274.2404118851,942022.1314253727,1097770.0224388603,1253517.9134523477,1409265.8044658354,1565013.6954793232,1720761.5864928104,1876509.477506298,2032257.3685197856
1954-03-01,477862.05148992664,628678.3641937736,779494.6768976204,930310.9896014673,1081127.3023053142,1231943.615009161,1382759.927713008,1533576.2404168549,1684392.5531207016,1835208.8658245485,1986025.1785283952
1954-04-01,481299.5644989459,624045.7343487809,766791.9041986159,909538.0740484509,1052284.243898286,1195030.413748121,1337776.583597956,1480522.753447791,1623268.923297626,1766015.093147461,1908761.262997296
1954-05-01,484811.2954543112,611754.855906111,738698.4163579108,865641.9768097107,992585.5372615105,1119529.0977133103,1246472.65816511,1373416.21861691,1500359.7790687098,1627303.3395205096,1754246.8999723096
1954-06-01,488154.4874777326,617226.6816616977,746298.8758456627,875371.0700296278,1004443.2642135927,1133515.4583975577,1262587.6525815227,1391659.8467654877,1520732.040949453,1649804.2351334176,1778876.4293173826
1954-07-01,491911.3985757617,608839.0380766196,725766.6775774774,842694.3170783353,959621.9565791932,1076549.596080051,1193477.2355809088,1310404.8750817666,1427332.5145826247,1544260.1540834825,1661187.7935843403
1954-08-01,495746.3899889458,635074.477568578,774402.56514821,913730.6527278422,1053058.7403074745,1192386.8278871065,1331714.9154667386,1471043.0030463708,1610371.090626003,1749699.1782056347,1889027.2657852669
1954-09-01,499560.2047585692,627100.726882462,754641.249006355,882181.7711302476,1009722.2932541406,1137262.8153780333,1264803.337501926,1392343.8596258191,1519884.381749712,1647424.9038736047,1774965.4259974975
1954-10-01,504202.86480079364,634453.8558287523,764704.8468567111,894955.8378846695,1025206.8289126283,1155457.8199405868,1285708.8109685457,1415959.8019965042,1546210.793024463,1676461.7840524213,1806712.7750803803
1954-11-01,507578.9983148508,620146.4809826387,732713.9636504267,845281.4463182146,957848.9289860027,1070416.4116537906,1182983.8943215788,1295551.3769893665,1408118.8596571544,1520686.3423249424,1633253.8249927303
1954-12-01,510419.16856921033,617922.1527118682,725425.1368545259,832928.1209971835,940431.1051398412,1047934.0892824992,1155437.073425157,1262940.0575678148,1370443.0417104722,1477946.0258531303,1585449.0099957879
1955-01-01,513326.2321791663,633041.9516963932,752757.67121362,872473.3907308469,992189.1102480739,1111904.8297653005,1231620.5492825275,1351336.2687997543,1471051.9883169814,1590767.7078342082,1710483.427351435
1955-02-01,515839.2689837199,633130.5364451348,750421.8039065496,867713.0713679645,985004.3388293792,1102295.606290794,1219586.8737522091,1336878.1412136238,1454169.4086750385,1571460.6761364534,1688751.943597868
1955-03-01,518518.9534979215,635271.917029201,752024.8805604808,868777.8440917602,985530.8076230399,1102283.7711543194,1219036.734685599,1335789.6982168788,1452542.6617481583,1569295.6252794378,1686048.5888107175
1955-04-01,521730.5594037031,632526.4088211054,743322.2582385076,854118.1076559101,964913.9570733123,1075709.8064907144,1186505.6559081168,1297301.505325519,1408097.3547429214,1518893.2041603236,1629689.0535777258
1955-05-01,524439.7654241737,642461.779814456,760483.7942047385,878505.8085950208,996527.8229853032,1114549.8373755857,1232571.851765868,1350593.8661561504,1468615.880546433,1586637.894936715,1704659.9093269976
1955-06-01,526797.3867472602,636863.5195846532,746929.652422046,856995.785259439,967061.918096832,1077128.0509342249,1187194.183771618,1297260.3166090106,1407326.4494464037,1517392.5822837963,1627458.7151211894
1955-07-01,529533.9965485443,635991.4466246506,742448.896700757,848906.3467768632,955363.7968529696,1061821.2469290758,1168278.6970051823,1274736.1470812883,1381193.5971573947,1487651.047233501,1594108.4973096072
1955-08-01,531595.8801213674,636513.1598340746,741430.4395467817,846347.7192594886,951264.9989721959,1056182.278684903,1161099.55839761,1266016.838110317,1370934.1178230243,1475851.3975357313,1580768.6772484384
1955-09-01,533931.1655372359,632753.764182232,731576.362827228,830398.9614722242,929221.5601172203,1028044.1587622165,1126866.7574072126,1225689.3560522087,1324511.9546972048,1423334.553342201,1522157.151987197
1955-10-01,536436.1330736954,646153.9657261865,755871.7983786778,865589.631031169,975307.4636836601,1085025.2963361512,1194743.1289886427,1304460.9616411338,1414178.794293625,1523896.626946116,1633614.4595986074
1955-11-01,538792.4463266899,648061.322381665,757330.1984366402,866599.0744916154,975867.9505465906,1085136.8266015656,1194405.7026565408,1303674.578711516,1412943.4547664912,1522212.3308214664,1631481.2068764414
1955-12-01,541320.2208303175,654925.7128171136,768531.2048039098,882136.6967907059,995742.1887775019,1109347.6807642982,1222953.1727510942,1336558.6647378905,1450164.1567246865,1563769.6487114828,1677375.1406982786
1956-01-01,543156.6693943003,663516.5225598946,783876.3757254888,904236.228891083,1024596.0820566772,1144955.9352222714,1265315.7883878655,1385675.6415534597,1506035.4947190539,1626395.3478846482,1746755.2010502424
1956-02-01,544999.8999322194,671391.6407239155,797783.3815156118,924175.1223073077,1050566.8630990041,1176958.6038907,1303350.3446823962,1429742.0854740925,1556133.8262657886,1682525.5670574843,1808917.3078491807
1956-03-01,547448.7262424479,671427.3906077782,795406.0549731085,919384.7193384387,1043363.383703769,1167342.0480690992,1291320.7124344297,1415299.37679976,1539278.0411650902,1663256.7055304204,1787235.3698957507
1956-04-01,549251.8810449243,670862.2140994385,792472.5471539528,914082.880208467,1035693.2132629814,1157303.5463174956,1278913.8793720098,1400524.2124265241,1522134.5454810385,1643744.8785355529,1765355.211590067
1956-05-01,550676.6589464669,690911.0520879554,831145.4452294438,971379.8383709323,1111614.2315124208,1251848.6246539091,1392083.0177953977,1532317.410936886,1672551.8040783743,1812786.197219863,1953020.5903613514
1956-06-01,552435.3069590707,688556.5216754396,824677.7363918085,960798.9511081772,1096920.165824546,1233041.3805409148,1369162.5952572837,1505283.8099736527,1641405.0246900213,1777526.23940639,1913647.454122759
1956-07-01,554088.974810675,670063.1812306261,786037.3876505772,902011.5940705285,1017985.8004904796,1133960.0069104307,1249934.213330382,1365908.419750333,1481882.626170284,1597856.8325902354,1713831.0390101864
1956-08-01,555693.1058149181,688383.6638514457,821074.2218879731,953764.7799245007,1086455.337961028,1219145.8959975557,1351836.4540340833,1484527.012070611,1617217.5701071383,1749908.1281436658,1882598.6861801932
1956-09-01,557190.7813845924,683432.472724787,809674.1640649814,935915.855405176,1062157.5467453701,1188399.238085565,1314640.9294257595,1440882.6207659538,1567124.312106148,1693366.0034463427,1819607.6947865372
1956-10-01,558357.9640687902,692301.6344894045,826245.3049100186,960188.9753306328,1094132.645751247,1228076.316171861,1362019.9865924753,1495963.6570130894,1629907.3274337037,1763850.997854318,1897794.6682749318
1956-11-01,559416.7266753082,695160.8088660591,830904.8910568102,966648.9732475611,1102393.055438312,1238137.137629063,1373881.2198198142,1509625.302010565,1645369.384201316,1781113.4663920668,1916857.548582818
1956-12-01,560811.9200279488,684978.3677240973,809144.8154202459,933311.2631163944,1057477.7108125428,1181644.1585086912,1305810.60620484,1429977.0539009885,1554143.5015971367,1678309.9492932851,1802476.3969894338
1957-01-01,561650.8727356811,715874.1111376017,870097.3495395221,1024320.5879414427,1178543.8263433634,1332767.0647452837,1486990.3031472042,1641213.541549125,1795436.7799510453,1949660.0183529654,2103883.2567548864
1957-02-01,562715.4543978883,731062.4320715553,899409.4097452224,1067756.3874188894,1236103.3650925567,1404450.3427662237,1572797.320439891,1741144.298113558,1909491.275787225,2077838.2534608922,2246185.231134559
1957-03-01,564062.8724269767,731704.5649604005,899346.2574938243,1066987.9500272484,1234629.6425606722,1402271.335094096,1569913.0276275198,1737554.7201609437,1905196.4126943676,2072838.1052277915,2240479.7977612154
1957-04-01,565131.9192674875,719460.9320195405,873789.9447715934,1028118.9575236464,1182447.9702756994,1336776.9830277525,1491105.9957798056,1645435.0085318584,1799764.0212839115,1954093.034035964,2108422.0467880173
1957-05-01,565808.3189314822,713503.7418413885,861199.1647512948,1008894.5876612013,1156590.0105711077,1304285.4334810139,1451980.8563909202,1599676.2793008266,1747371.702210733,1895067.125120639,2042762.5480305455
1957-06-01,567163.0076440071,724783.8084867112,882404.6093294154,1040025.4101721195,1197646.2110148235,1355267.0118575278,1512887.812700232,1670508.6135429358,1828129.41438564,1985750.2152283445,2143371.016071048
1957-07-01,568067.7542165213,732688.8680343799,897309.9818522388,1061931.0956700975,1226552.2094879563,1391173.323305815,1555794.437123674,1720415.5509415327,1885036.6647593912,2049657.7785772502,2214278.892395109
1957-08-01,569314.3866946019,754433.6807279352,939552.9747612688,1124672.268794602,1309791.5628279354,1494910.8568612686,1680030.1508946025,1865149.4449279355,2050268.7389612691,2235388.0329946023,2420507.3270279355
1957-09-01,570393.2789095624,764648.161367841,958903.0438261194,1153157.926284398,1347412.8087426764,1541667.6912009548,1735922.5736592335,1930177.456117512,2124432.338575791,2318687.221034069,2512942.1034923475
1957-10-01,572156.3850663279,717636.2224702325,863116.0598741373,1008595.8972780418,1154075.7346819465,1299555.572085851,1445035.409489756,1590515.2468936604,1735995.084297565,1881474.92170147,2026954.7591053743
1957-11-01,572555.7762405865,698237.8544753508,823919.9327101154,949602.0109448796,1075284.0891796441,1200966.1674144084,1326648.2456491727,1452330.3238839372,1578012.4021187015,1703694.480353466,1829376.55858823
1957-12-01,573412.5536391917,719649.7297121052,865886.9057850186,1012124.081857932,1158361.2579308455,1304598.434003759,1450835.6100766726,1597072.7861495859,1743309.9622224993,1889547.1382954128,2035784.3143683262
1958-01-01,573469.7347873397,718866.9344254356,864264.1340635315,1009661.3337016276,1155058.5333397232,1300455.7329778192,1445852.9326159153,1591250.1322540112,1736647.331892107,1882044.5315302028,2027441.7311682987
1958-02-01,575417.1949334407,734274.3935563763,893131.5921793121,1051988.7908022478,1210845.9894251835,1369703.1880481192,1528560.3866710549,1687417.5852939906,1846274.783916926,2005131.982539862,2163989.1811627974
1958-03-01,577429.3441813844,725240.2582603084,873051.1723392325,1020862.0864181565,1168673.0004970804,1316483.9145760045,1464294.8286549284,1612105.7427338525,1759916.6568127763,1907727.5708917007,2055538.4849706243
1958-04-01,579621.821707253,722949.7947527552,866277.7677982572,1009605.7408437595,1152933.7138892615,1296261.6869347633,1439589.659980266,1582917.6330257677,1726245.6060712698,1869573.5791167722,2012901.552162274
1958-05-01,581937.7614603551,720730.4654361068,859523.1694118581,998315.8733876098,1137108.5773633614,1275901.2813391127,1414693.9853148644,1553486.689290616,1692279.3932663673,1831072.097242119,1969864.8012178706
1958-06-01,584613.8723298109,727558.5336828879,870503.1950359651,1013447.8563890422,1156392.5177421193,1299337.179095196,1442281.8404482733,1585226.5018013504,1728171.1631544277,1871115.8245075045,2014060.4858605815
1958-07-01,587184.37401688,719846.0283503261,852507.6826837722,985169.3370172182,1117830.9913506643,1250492.6456841102,1383154.3000175564,1515815.9543510026,1648477.6086844488,1781139.2630178942,1913800.9173513406
1958-08-01,590412.5967848657,714002.8392055929,837593.0816263199,961183.3240470471,1084773.5664677743,1208363.8088885013,1331954.0513092286,1455544.2937299558,1579134.5361506827,1702724.7785714099,1826315.020992137
1958-09-01,592946.55642772,714680.913786105,836415.2711444899,958149.6285028749,1079883.98586126,1201618.3432196449,1323352.70057803,1445087.057936415,1566821.4152947997,1688555.7726531846,1810290.1300115697
1958-10-01,595491.6454601017,715314.7197723109,835137.7940845198,954960.8683967291,1074783.9427089381,1194607.017021147,1314430.0913333562,1434253.1656455654,1554076.2399577745,1673899.3142699832,1793722.3885821926
1958-11-01,598227.897152356,709393.1900570097,820558.4829616633,931723.7758663169,1042889.0687709706,1154054.361675624,1265219.6545802779,1376384.9474849312,1487550.240389585,1598715.5332942384,1709880.8261988922
1958-12-01,600675.2473602225,706289.9499568716,811904.6525535207,917519.3551501698,1023134.0577468189,1128748.7603434678,1234363.4629401169,1339978.165536766,1445592.868133415,1551207.570730064,1656822.2733267131
1959-01-01,602713.2633676332,717481.9596052791,832250.655842925,947019.3520805711,1061788.048318217,1176556.7445558629,1291325.4407935091,1406094.137031155,1520862.8332688008,1635631.529506447,1750400.2257440926
1959-02-01,605239.8585429428,714979.2444591686,824718.6303753944,934458.0162916202,1044197.4022078458,1153936.788124072,1263676.1740402975,1373415.5599565234,1483154.945872749,1592894.3317889748,1702633.7177052007
1959-03-01,607957.459184974,720372.9284885458,832788.3977921177,945203.8670956895,1057619.3363992614,1170034.8057028332,1282450.275006405,1394865.744309977,1507281.2136135485,1619696.6829171206,1732112.1522206923
1959-04-01,610809.1558498145,724874.0309698372,838938.9060898598,953003.7812098826,1067068.656329905,1181133.5314499277,1295198.4065699505,1409263.281689973,1523328.1568099954,1637393.031930018,1751457.9070500408
1959-05-01,614283.1253053559,731642.6738701588,849002.2224349618,966361.7709997647,1083721.3195645676,1201080.8681293705,1318440.4166941736,1435799.9652589764,1553159.5138237793,1670519.0623885824,1787878.6109533852
1959-06-01,617163.3434706945,733126.3854801726,849089.4274896504,965052.4694991285,1081015.5115086066,1196978.5535180843,1312941.5955275623,1428904.6375370405,1544867.6795465185,1660830.7215559965,1776793.7635654742
1959-07-01,619933.6527431314,743264.1888643935,866594.7249856556,989925.2611069176,1113255.7972281794,1236586.3333494414,1359916.8694707036,1483247.405591966,1606577.9417132277,1729908.47783449,1853239.0139557517
1959-08-01,623336.8218119878,752628.9164305653,881921.0110491429,1011213.1056677203,1140505.2002862978,1269797.2949048753,1399089.389523453,1528381.4841420306,1657673.5787606079,1786965.6733791856,1916257.7679977631
1959-09-01,625449.617340012,763339.1984806671,901228.7796213224,1039118.3607619776,1177007.9419026328,1314897.523043288,1452787.104183943,1590676.685324598,1728566.2664652534,1866455.8476059085,2004345.4287465636
1959-10-01,627819.2170866631,756493.9176966411,885168.6183066192,1013843.3189165973,1142518.0195265752,1271192.7201365533,1399867.4207465316,1528542.1213565094,1657216.8219664874,1785891.5225764655,1914566.2231864436
1959-11-01,630511.8389034128,758672.9286089452,886834.0183144778,1014995.1080200104,1143156.1977255428,1271317.2874310755,1399478.3771366081,1527639.4668421405,1655800.556547673,1783961.6462532056,1912122.735958738
1959-12-01,632208.4523826224,758321.2387525702,884434.025122518,1010546.8114924658,1136659.5978624136,1262772.3842323616,1388885.1706023095,1514997.9569722572,1641110.743342205,1767223.5297121531,1893336.3160821006
1960-01-01,633720.7620464502,758505.9542327386,883291.1464190271,1008076.3386053155,1132861.530791604,1257646.7229778923,1382431.915164181,1507217.107350469,1632002.2995367576,1756787.4917230462,1881572.6839093345
1960-02-01,635490.0492472978,760543.4358718438,885596.8224963899,1010650.2091209361,1135703.595745482,1260756.982370028,1385810.3689945743,1510863.75561912,1635917.1422436663,1760970.5288682126,1886023.9154927584
1960-03-01,637326.5426631591,769360.5725748647,901394.6024865702,1033428.6323982758,1165462.6623099812,1297496.692221687,1429530.7221333925,1561564.752045098,1693598.7819568038,1825632.8118685093,1957666.8417802146
1960-04-01,640507.1322562491,769937.0381517337,899366.9440472182,1028796.8499427027,1158226.7558381874,1287656.6617336718,1417086.5676291566,1546516.473524641,1675946.3794201256,1805376.28531561,1934806.1912110946
1960-05-01,643126.1401771129,782998.3636901514,922870.5872031898,1062742.8107162283,1202615.0342292667,1342487.2577423053,1482359.4812553436,1622231.704768382,1762103.9282814206,1901976.1517944592,2041848.3753074973
1960-06-01,645628.3268757266,779702.6983301673,913777.0697846083,1047851.4412390492,1181925.8126934902,1316000.184147931,1450074.555602372,1584148.9270568127,1718223.2985112534,1852297.6699656944,1986372.0414201354
1960-07-01,649174.6724243299,784966.933344214,920759.1942640981,1056551.4551839822,1192343.7161038662,1328135.9770237503,1463928.2379436346,1599720.4988635187,1735512.7597834028,1871305.0207032869,2007097.281623171
1960-08-01,652350.2298715487,763254.1890285846,874158.1481856204,985062.1073426562,1095966.0664996922,1206870.0256567278,1317773.984813764,1428677.9439707997,1539581.9031278358,1650485.8622848715,1761389.8214419074
1960-09-01,655215.9856736999,766450.678767381,877685.3718610622,988920.0649547434,1100154.7580484245,1211389.4511421055,1322624.1442357865,1433858.8373294678,1545093.530423149,1656328.2235168302,1767562.916610511
1960-10-01,658223.3629777299,767825.1183737107,877426.8737696916,987028.6291656726,1096630.3845616532,1206232.1399576343,1315833.8953536153,1425435.650749596,1535037.4061455766,1644639.1615415579,1754240.9169375387
1960-11-01,661115.7856253888,773942.8054591117,886769.8252928344,999596.8451265572,1112423.86496028,1225250.8847940029,1338077.9046277257,1450904.9244614483,1563731.944295171,1676558.9641288938,1789385.9839626167
1960-12-01,664020.0482619232,773434.7271111882,882849.4059604532,992264.0848097181,1101678.7636589832,1211093.442508248,1320508.1213575131,1429922.800206778,1539337.4790560429,1648752.1579053076,1758166.8367545728
1961-01-01,666207.1589109544,773453.0967419653,880699.0345729765,987944.9724039877,1095190.9102349984,1202436.8480660096,1309682.7858970207,1416928.7237280316,1524174.6615590425,1631420.5993900537,1738666.5372210648
1961-02-01,668469.0965385729,782127.6598984963,895786.2232584198,1009444.7866183433,1123103.3499782667,1236761.91333819,1350420.4766981134,1464079.0400580368,1577737.6034179602,1691396.1667778834,1805054.730137807
1961-03-01,670070.220123097,783586.1806282068,897102.1411333166,1010618.1016384262,1124134.062143536,1237650.022648646,1351165.9831537558,1464681.9436588655,1578197.9041639753,1691713.8646690852,1805229.8251741948
1961-04-01,672478.3790453717,785376.1612619903,898273.943478609,1011171.7256952277,1124069.5079118463,1236967.290128465,1349865.0723450836,1462762.8545617023,1575660.636778321,1688558.41899494,1801456.2012115582
1961-05-01,674425.0623147188,789850.2049740243,905275.34763333,1020700.4902926355,1136125.632951941,1251550.7756112467,1366975.9182705523,1482401.060929858,1597826.2035891633,1713251.3462484688,1828676.4889077744
1961-06-01,675905.835904631,788094.9384353729,900284.0409661147,1012473.1434968567,1124662.2460275984,1236851.3485583402,1349040.4510890823,1461229.553619824,1573418.656150566,1685607.7586813075,1797796.8612120496
1961-07-01,677997.3792179723,792979.1821900083,907960.9851620446,1022942.7881340808,1137924.5911061168,1252906.394078153,1367888.1970501891,1482870.0000222253,1597851.8029942613,1712833.6059662977,1827815.4089383336
1961-08-01,680163.9376496644,795053.6559776609,909943.3743056572,1024833.0926336535,1139722.81096165,1254612.5292896465,1369502.2476176429,1484391.9659456394,1599281.6842736357,1714171.4026016323,1829061.1209296286
1961-09-01,682133.0655514162,798411.9779580296,914690.8903646431,1030969.8027712562,1147248.7151778697,1263527.627584483,1379806.5399910961,1496085.4523977095,1612364.3648043228,1728643.2772109362,1844922.1896175495
1961-10-01,683698.9963336962,797918.4086649091,912137.8209961219,1026357.2333273346,1140576.6456585475,1254796.05798976,1369015.470320973,1483234.8826521859,1597454.2949833986,1711673.7073146116,1825893.1196458242
1961-11-01,685337.4162949569,784712.5266527763,884087.6370105956,983462.7473684148,1082837.8577262342,1182212.9680840534,1281588.0784418727,1380963.188799692,1480338.2991575112,1579713.4095153306,1679088.51987315
1961-12-01,686637.0880096584,804701.0497400768,922765.011470495,1040828.9732009134,1158892.9349313318,1276956.8966617503,1395020.8583921685,1513084.8201225868,1631148.781853005,1749212.7435834236,1867276.7053138418
1962-01-01,687322.0811142183,811866.6721675321,936411.2632208458,1060955.8542741595,1185500.445327473,1310045.0363807867,1434589.6274341005,1559134.2184874143,1683678.8095407279,1808223.4005940414,1932767.9916473553
1962-02-01,687870.8412588203,811129.0111603633,934387.1810619062,1057645.350963449,1180903.520864992,1304161.6907665348,1427419.8606680778,1550678.0305696207,1673936.2004711637,1797194.3703727068,1920452.5402742494
1962-03-01,688831.938242614,808462.6196789951,928093.3011153763,1047723.9825517575,1167354.6639881388,1286985.3454245196,1406616.026860901,1526246.7082972822,1645877.3897336635,1765508.0711700441,1885138.7526064254
1962-04-01,689519.2580772209,824745.395819448,959971.533561675,1095197.6713039023,1230423.8090461292,1365649.9467883564,1500876.0845305836,1636102.2222728105,1771328.3600150377,1906554.4977572649,2041780.6354994918
1962-05-01,689794.4054268127,845058.5730065809,1000322.7405863492,1155586.9081661175,1310851.0757458855,1466115.2433256537,1621379.410905422,1776643.5784851904,1931907.7460649584,2087171.9136447269,2242436.081224495
1962-06-01,690620.5065111559,861183.6593487948,1031746.812186434,1202309.9650240731,1372873.1178617121,1543436.270699351,1713999.42353699,1884562.576374629,2055125.729212268,2225688.882049907,2396252.034887546
1962-07-01,690896.0108520411,855921.1782213565,1020946.3455906718,1185971.5129599874,1350996.6803293026,1516021.847698618,1681047.0150679334,1846072.1824372488,2011097.349806564,2176122.5171758793,2341147.6845451947
1962-08-01,691102.8040309842,845860.7684142122,1000618.7327974403,1155376.6971806681,1310134.661563896,1464892.625947124,1619650.590330352,1774408.55471358,1929166.5190968083,2083924.483480036,2238682.447863264
1962-09-01,691447.6312957454,861395.7561919917,1031343.8810882383,1201292.005984485,1371240.1308807312,1541188.2557769776,1711136.3806732243,1881084.5055694706,2051032.630465717,2220980.7553619635,2390928.88025821
1962-10-01,691240.7349368877,863690.9046585911,1036141.0743802945,1208591.2441019982,1381041.4138237014,1553491.583545405,1725941.7532671087,1898391.9229888115,2070842.0927105153,2243292.2624322185,2415742.432153922
1962-11-01,691447.693240762,849263.9803969313,1007080.2675531006,1164896.5547092701,1322712.8418654392,1480529.1290216085,1638345.4161777778,1796161.703333947,1953977.9904901166,2111794.2776462855,2269610.564802455
1962-12-01,691792.623747217,850852.2507467916,1009911.8777463662,1168971.504745941,1328031.1317455154,1487090.7587450899,1646150.3857446644,1805210.012744239,1964269.6397438135,2123329.266743388,2282388.8937429627
1963-01-01,691654.6102561955,841983.8355040225,992313.0607518494,1142642.2859996767,1292971.5112475033,1443300.7364953305,1593629.9617431576,1743959.1869909845,1894288.4122388116,2044617.6374866383,2194946.8627344654
1963-02-01,691585.603510683,847553.2500560434,1003520.896601404,1159488.5431467644,1315456.1896921247,1471423.8362374853,1627391.4827828456,1783359.1293282062,1939326.7758735665,2095294.4224189266,2251262.068964287
1963-03-01,691723.6032320289,846064.891552391,1000406.1798727531,1154747.4681931152,1309088.756513477,1463430.044833839,1617771.3331542013,1772112.6214745631,1926453.9097949252,2080795.1981152869,2235136.486435649
1963-04-01,691654.6033713563,829851.6049630875,968048.6065548186,1106245.6081465497,1244442.6097382808,1382639.6113300119,1520836.6129217432,1659033.6145134743,1797230.6161052054,1935427.6176969365,2073624.6192886676
1963-05-01,691516.6036500133,831983.9967113396,972451.3897726659,1112918.7828339923,1253386.1758953186,1393853.5689566447,1534320.9620179713,1674788.3550792977,1815255.748140624,1955723.1412019501,2096190.5342632765
1963-06-01,691654.5896030514,837058.9751099893,982463.360616927,1127867.7461238648,1273272.1316308023,1418676.51713774,1564080.9026446778,1709485.2881516158,1854889.6736585533,2000294.0591654908,2145698.444672429
1963-07-01,691447.6519578128,836915.6967568013,982383.7415557897,1127851.786354778,1273319.8311537663,1418787.8759527549,1564255.9207517435,1709723.9655507316,1855192.01034972,2000660.0551487086,2146128.099947697
1963-08-01,691447.6519578106,834144.6588607306,976841.6657636507,1119538.6726665706,1262235.6795694907,1404932.6864724106,1547629.693375331,1690326.7002782507,1833023.7071811708,1975720.7140840904,2118417.7209870107
1963-09-01,691378.693380774,837173.2967677615,982967.9001547486,1128762.503541736,1274557.106928723,1420351.7103157104,1566146.3137026979,1711940.917089685,1857735.520476672,2003530.1238636596,2149324.727250647
1963-10-01,690896.127735778,834251.6820124348,977607.2362890915,1120962.7905657485,1264318.344842405,1407673.8991190619,1551029.4533957187,1694385.0076723755,1837740.5619490321,1981096.1162256887,2124451.6705023455
1963-11-01,690758.3205895266,831926.4834445873,973094.6462996481,1114262.8091547089,1255430.9720097694,1396599.1348648302,1537767.297719891,1678935.4605749515,1820103.6234300123,1961271.786285073,2102439.949140134
1963-12-01,690345.0640411632,831060.4421047289,971775.8201682947,1112491.1982318605,1253206.576295426,1393921.954358992,1534637.3324225578,1675352.7104861233,1816068.0885496892,1956783.4666132552,2097498.844676821
1964-01-01,690000.9239294772,831937.1304082612,973873.3368870452,1115809.5433658292,1257745.749844613,1399681.9563233969,1541618.162802181,1683554.3692809648,1825490.5757597485,1967426.7822385328,2109362.9887173166
1964-02-01,689656.8181425594,823029.2067321272,956401.5953216952,1089773.983911263,1223146.372500831,1356518.7610903988,1489891.149679967,1623263.538269535,1756635.9268591024,1890008.3154486704,2023380.7040382384
1964-03-01,689381.8079469071,810369.2952819559,931356.7826170045,1052344.2699520532,1173331.757287102,1294319.2446221504,1415306.7319571993,1536294.219292248,1657281.7066272965,1778269.1939623451,1899256.6812973937
1964-04-01,689244.3302705806,811305.0172524597,933365.7042343385,1055426.3912162173,1177487.0781980962,1299547.7651799752,1421608.4521618544,1543669.1391437333,1665729.826125612,1787790.5131074907,1909851.20008937
1964-05-01,689656.8044359128,810229.8139588973,930802.8234818819,1051375.8330048663,1171948.842527851,1292521.8520508355,1413094.8615738198,1533667.8710968045,1654240.880619789,1774813.8901427733,1895386.899665758
1964-06-01,689725.5638381494,802267.5134408346,914809.4630435196,1027351.4126462045,1139893.3622488894,1252435.3118515743,1364977.2614542595,1477519.2110569447,1590061.1606596294,1702603.1102623143,1815145.0598649995
1964-07-01,689588.0313229274,804029.3219500247,918470.6125771222,1032911.9032042193,1147353.1938313167,1261794.484458414,1376235.7750855114,1490677.0657126084,1605118.356339706,1719559.6469668034,1834000.9375939004
1964-08-01,690206.9276414267,814884.4925416176,939562.0574418084,1064239.6223419993,1188917.1872421901,1313594.7521423812,1438272.3170425722,1562949.881942763,1687627.4468429536,1812305.0117431446,1936982.5766433354
1964-09-01,690826.3794113483,806262.1652275646,921697.9510437814,1037133.7368599977,1152569.522676214,1268005.3084924307,1383441.094308647,1498876.8801248635,1614312.66594108,1729748.4517572965,1845184.2375735128
1964-10-01,691446.3253097121,808356.3983871792,925266.4714646464,1042176.5445421136,1159086.6176195806,1275996.6906970479,1392906.7637745151,1509816.836851982,1626726.9099294492,1743636.9830069165,1860547.0560843835
1964-11-01,691997.8828530851,801542.7130192822,911087.5431854794,1020632.3733516765,1130177.2035178735,1239722.0336840707,1349266.863850268,1458811.694016465,1568356.5241826621,1677901.3543488593,1787446.1845150562
1964-12-01,692894.6999677387,804041.9997680502,915189.2995683616,1026336.5993686729,1137483.8991689843,1248631.1989692955,1359778.498769607,1470925.7985699184,1582073.0983702298,1693220.398170541,1804367.6979708525
1965-01-01,693862.0439844469,802131.8462191948,910401.6484539425,1018671.4506886903,1126941.252923438,1235211.0551581858,1343480.8573929337,1451750.6596276811,1560020.461862429,1668290.2640971765,1776560.0663319244
1965-02-01,694553.8306683794,808556.4024362746,922558.9742041698,1036561.5459720651,1150564.1177399603,1264566.6895078556,1378569.261275751,1492571.8330436463,1606574.4048115413,1720576.9765794366,1834579.5483473318
1965-03-01,695245.8930743855,815904.6916056199,936563.4901368541,1057222.2886680884,1177881.0871993226,1298539.8857305571,1419198.6842617914,1539857.4827930257,1660516.28132426,1781175.0798554942,1901833.8783867285
1965-04-01,696146.9195532997,815115.7358444973,934084.5521356952,1053053.368426893,1172022.1847180906,1290991.0010092882,1409959.8173004861,1528928.6335916838,1647897.4498828815,1766866.2661740794,1885835.082465277
1965-05-01,697743.1092801178,823960.7414147084,950178.3735492992,1076396.0056838896,1202613.6378184806,1328831.269953071,1455048.902087662,1581266.5342222524,1707484.1663568432,1833701.798491434,1959919.4306260245
1965-06-01,698577.480711245,841967.3982309042,985357.3157505636,1128747.233270223,1272137.1507898823,1415527.0683095416,1558916.985829201,1702306.9033488603,1845696.8208685196,1989086.738388179,2132476.6559078386
1965-07-01,699552.4667275903,847895.7640148909,996239.0613021917,1144582.3585894925,1292925.655876793,1441268.9531640937,1589612.2504513944,1737955.547738695,1886298.845025996,2034642.1423132962,2182985.439600597
1965-08-01,700528.61887891,844453.2352643085,988377.8516497071,1132302.4680351056,1276227.084420504,1420151.7008059027,1564076.3171913011,1708000.9335766998,1851925.5499620982,1995850.1663474967,2139774.782732895
1965-09-01,701366.6553086315,846493.3654682277,991620.075627824,1136746.7857874203,1281873.4959470164,1427000.2061066127,1572126.916266209,1717253.6264258053,1862380.3365854013,2007507.0467449978,2152633.756904594
1965-10-01,702485.3739294002,839237.7466358468,975990.1193422934,1112742.4920487397,1249494.8647551863,1386247.2374616328,1522999.6101680794,1659751.982874526,1796504.3555809725,1933256.7282874188,2070009.1009938654
1965-11-01,702975.398604788,848056.1980203657,993136.9974359435,1138217.7968515211,1283298.5962670988,1428379.3956826762,1573460.1950982541,1718540.9945138318,1863621.7939294095,2008702.5933449874,2153783.3927605646
1965-12-01,704096.4597408056,849468.9608626199,994841.4619844344,1140213.9631062485,1285586.4642280631,1430958.9653498775,1576331.4664716918,1721703.9675935062,1867076.4687153206,2012448.969837135,2157821.470958949
1966-01-01,704447.1752517342,853178.2112901362,1001909.2473285383,1150640.2833669402,1299371.319405342,1448102.355443744,1596833.391482146,1745564.427520548,1894295.4635589502,2043026.499597352,2191757.535635754
1966-02-01,704727.9713355419,859134.7147757912,1013541.4582160404,1167948.2016562896,1322354.9450965389,1476761.6885367883,1631168.4319770376,1785575.1754172868,1939981.918857536,2094388.6622977853,2248795.4057380348
1966-03-01,704798.1773498219,866688.5234876174,1028578.8696254129,1190469.2157632085,1352359.5619010038,1514249.9080387992,1676140.2541765945,1838030.6003143904,1999920.9464521857,2161811.292589981,2323701.6387277767
1966-04-01,705641.0693299085,867560.5107548482,1029479.952179788,1191399.393604728,1353318.835029668,1515238.2764546077,1677157.7178795475,1839077.1593044875,2000996.6007294273,2162916.042154367,2324835.483579307
1966-05-01,705711.3453053426,887353.2052885103,1068995.065271678,1250636.9252548455,1432278.7852380134,1613920.645221181,1795562.5052043488,1977204.3651875164,2158846.225170684,2340488.0851538517,2522129.9451370193
1966-06-01,705851.9532641602,888320.9722633474,1070789.9912625344,1253259.0102617214,1435728.0292609087,1618197.0482600955,1800666.067259283,1983135.0862584698,2165604.1052576574,2348073.1242568437,2530542.143256031
1966-07-01,706555.3433521163,878111.0398883217,1049666.736424527,1221222.4329607321,1392778.1294969374,1564333.8260331426,1735889.522569348,1907445.219105553,2079000.9156417586,2250556.6121779634,2422112.3087141686
1966-08-01,706555.343352116,906164.2710187726,1105773.1986854293,1305382.126352086,1504991.0540187426,1704599.9816853993,1904208.9093520555,2103817.8370187124,2303426.764685369,2503035.6923520253,2702644.620018682
1966-09-01,706836.8395048465,923040.4871236896,1139244.1347425329,1355447.7823613759,1571651.429980219,1787855.0775990621,2004058.7252179056,2220262.3728367486,2436466.0204555923,2652669.6680744346,2868873.315693278
1966-10-01,706625.7384079302,914544.4876872334,1122463.2369665366,1330381.9862458396,1538300.7355251429,1746219.484804446,1954138.2340837494,2162056.983363053,2369975.7326423554,2577894.481921659,2785813.231200962
1966-11-01,706696.1194575726,927964.8443558855,1149233.5692541986,1370502.2941525115,1591771.0190508242,1813039.7439491372,2034308.4688474506,2255577.1937457635,2476845.9186440757,2698114.643542389,2919383.3684407016
1966-12-01,707118.4478158146,923204.8736670825,1139291.29951835,1355377.725369618,1571464.1512208858,1787550.5770721536,2003637.0029234213,2219723.4287746893,2435809.8546259566,2651896.280477225,2867982.706328492
1967-01-01,707259.26598724,914958.5162848936,1122657.7665825475,1330357.0168802007,1538056.2671778544,1745755.517475508,1953454.7677731616,2161154.0180708156,2368853.2683684686,2576552.5186661226,2784251.768963776
1967-02-01,707470.6826669899,911789.9589441159,1116109.2352212418,1320428.5114983679,1524747.787775494,1729067.0640526197,1933386.3403297458,2137705.616606872,2342024.892883998,2546344.1691611237,2750663.4454382495
1967-03-01,707752.5715733226,888405.5567318207,1069058.5418903187,1249711.527048817,1430364.5122073148,1611017.497365813,1791670.4825243112,1972323.467682809,2152976.4528413075,2333629.4379998054,2514282.4231583034
1967-04-01,708528.6160596958,889731.3007039401,1070933.9853481844,1252136.6699924285,1433339.354636673,1614542.0392809173,1795744.7239251619,1976947.4085694058,2158150.09321365,2339352.777857894,2520555.4625021387
1967-05-01,709658.5331190961,920177.8966486398,1130697.2601781837,1341216.6237077273,1551735.987237271,1762255.3507668148,1972774.7142963586,2183294.077825902,2393813.4413554464,2604332.8048849897,2814852.168414533
1967-06-01,710366.280733655,925694.0562383074,1141021.8317429596,1356349.607247612,1571677.3827522642,1787005.1582569166,2002332.933761569,2217660.709266221,2432988.4847708736,2648316.260275526,2863644.035780178
1967-07-01,711145.191129197,934147.9345662835,1157150.67800337,1380153.4214404565,1603156.164877543,1826158.9083146295,2049161.6517517162,2272164.395188803,2495167.138625889,2718169.8820629753,2941172.625500062
1967-08-01,711854.1385832175,925614.238819967,1139374.3390567168,1353134.4392934663,1566894.5395302156,1780654.6397669653,1994414.7400037153,2208174.840240465,2421934.940477214,2635695.0407139636,2849455.1409507133
1967-09-01,712705.6387489872,932882.9232687576,1153060.207788528,1373237.4923082986,1593414.7768280688,1813592.061347839,2033769.3458676096,2253946.63038738,2474123.9149071504,2694301.19942692,2914478.483946691
1967-10-01,712918.6198144562,931008.0250398027,1149097.4302651496,1367186.8354904961,1585276.2407158425,1803365.645941189,2021455.0511665358,2239544.456391882,2457633.8616172285,2675723.2668425753,2893812.6720679216
1967-11-01,713131.7282101768,938812.8510690773,1164493.9739279775,1390175.096786878,1615856.2196457784,1841537.3425046788,2067218.4653635793,2292899.5882224794,2518580.71108138,2744261.83394028,2969942.9567991807
1967-12-01,714197.9074111294,935262.0520847247,1156326.1967583196,1377390.3414319146,1598454.4861055098,1819518.6307791048,2040582.7754526995,2261646.9201262947,2482711.06479989,2703775.2094734847,2924839.35414708
1968-01-01,714411.3131603558,948231.5103076522,1182051.7074549485,1415871.9046022447,1649692.101749541,1883512.2988968373,2117332.496044134,2351152.6931914305,2584972.890338727,2818793.0874860226,3052613.284633319
1968-02-01,714411.3131603537,982247.6976594365,1250084.0821585192,1517920.466657602,1785756.8511566846,2053593.2356557674,2321429.62015485,2589266.0046539325,2857102.3891530153,3124938.773652098,3392775.1581511805
1968-03-01,714482.4838430762,997692.0621608233,1280901.6404785702,1564111.2187963175,1847320.7971140642,2130530.3754318114,2413739.9537495584,2696949.5320673054,2980159.1103850524,3263368.6887027994,3546578.2670205464
1968-04-01,714482.4838430771,970861.8492316956,1227241.214620314,1483620.5800089329,1739999.9453975512,1996379.3107861697,2252758.6761747883,2509138.0415634066,2765517.4069520254,3021896.772340644,3278276.1377292625
1968-05-01,714126.8429850158,953309.5217598032,1192492.2005345903,1431674.8793093776,1670857.5580841647,1910040.2368589516,2149222.915633739,2388405.5944085266,2627588.273183313,2866770.951958101,3105953.630732888
1968-06-01,713984.6291359706,960767.5131460631,1207550.3971561557,1454333.281166248,1701116.1651763406,1947899.049186433,2194681.9331965256,2441464.817206618,2688247.7012167103,2935030.585226803,3181813.469236895
1968-07-01,713416.1700363398,960874.1068887557,1208332.0437411715,1455789.9805935875,1703247.9174460033,1950705.8542984193,2198163.791150835,2445621.7280032514,2693079.664855667,2940537.601708083,3187995.5385604985
1968-08-01,713487.213271756,906463.0114923202,1099438.8097128845,1292414.6079334489,1485390.4061540128,1678366.2043745772,1871342.0025951415,2064317.8008157054,2257293.59903627,2450269.397256834,2643245.195477398
1968-09-01,713700.3429779983,912144.7230156353,1110589.1030532722,1309033.4830909092,1507477.8631285462,1705922.243166183,1904366.62320382,2102811.0032414575,2301255.383279094,2499699.763316731,2698144.143354368
1968-10-01,712847.6543961858,928576.735077241,1144305.8157582963,1360034.8964393514,1575763.9771204065,1791493.057801462,2007222.138482517,2222951.2191635724,2438680.2998446273,2654409.380525683,2870138.461206738
1968-11-01,712066.8015582693,929311.0703898518,1146555.3392214342,1363799.608053017,1581043.8768845992,1798288.1457161817,2015532.4145477642,2232776.6833793465,2450020.9522109292,2667265.2210425115,2884509.489874094
1968-12-01,711712.2925462422,958972.9761996875,1206233.6598531324,1453494.3435065777,1700755.0271600226,1948015.7108134676,2195276.394466913,2442537.078120358,2689797.761773803,2937058.4454272483,3184319.1290806932
1969-01-01,710437.9643590512,972419.807702002,1234401.6510449527,1496383.4943879037,1758365.3377308543,2020347.181073805,2282329.0244167564,2544310.867759707,2806292.7111026575,3068274.554445608,3330256.397788559
1969-02-01,709660.0609539209,977598.6884897182,1245537.3160255156,1513475.9435613127,1781414.5710971104,2049353.1986329074,2317291.826168705,2585230.453704502,2853169.0812402996,3121107.708776097,3389046.336311894
1969-03-01,709448.1377822232,980004.2984087414,1250560.4590352597,1521116.6196617777,1791672.780288296,2062228.9409148141,2332785.1015413324,2603341.262167851,2873897.4227943686,3144453.583420887,3415009.7440474047
1969-04-01,708319.0051646441,988095.6646042583,1267872.3240438725,1547648.9834834866,1827425.6429231006,2107202.3023627144,2386978.961802329,2666755.6212419425,2946532.280681557,3226308.9401211715,3506085.599560785
1969-05-01,707332.0957227353,978441.3589913914,1249550.6222600476,1520659.8855287037,1791769.1487973598,2062878.4120660156,2333987.6753346724,2605096.938603328,2876206.201871984,3147315.46514064,3418424.7284092964
1969-06-01,706557.9784157065,1021152.639947052,1335747.3014783976,1650341.963009743,1964936.6245410885,2279531.286072434,2594125.94760378,2908720.609135125,3223315.2706664703,3537909.932197816,3852504.5937291607
1969-07-01,705503.7289701443,1034043.6694339969,1362583.6098978496,1691123.5503617022,2019663.4908255546,2348203.4312894074,2676743.3717532596,3005283.3122171126,3333823.252680965,3662363.1931448174,3990903.13360867
1969-08-01,704731.535833958,1009939.7476749666,1315147.9595159749,1620356.1713569833,1925564.3831979916,2230772.5950390003,2535980.8068800084,2841189.018721017,3146397.230562025,3451605.442403034,3756813.654244042
1969-09-01,703120.6408504376,1008374.5254876709,1313628.4101249042,1618882.2947621376,1924136.1793993707,2229390.064036604,2534643.948673838,2839897.8333110707,3145151.717948304,3450405.602585537,3755659.4872227707
1969-10-01,701652.8939858397,1009968.2237425465,1318283.5534992535,1626598.8832559607,1934914.2130126674,2243229.5427693743,2551544.8725260813,2859860.202282788,3168175.5320394947,3476490.861796201,3784806.1915529086
1969-11-01,700536.056908265,1036550.8326250535,1372565.6083418417,1708580.3840586306,2044595.1597754185,2380609.935492207,2716624.7112089954,3052639.486925784,3388654.262642572,3724669.0383593603,4060683.814076149
1969-12-01,699143.89463301,1077102.0899076255,1455060.2851822411,1833018.4804568568,2210976.675731472,2588934.8710060874,2966893.0662807035,3344851.261555319,3722809.456829935,4100767.6521045496,4478725.847379166
1970-01-01,697823.443937381,1091262.3988071722,1484701.3536769631,1878140.3085467545,2271579.2634165455,2665018.218286336,3058457.173156128,3451896.1280259183,3845335.082895709,4238774.037765501,4632212.992635291
1970-02-01,696505.7491018806,1077506.0770020594,1458506.4049022384,1839506.7328024171,2220507.060702596,2601507.3886027746,2982507.716502954,3363508.0444031325,3744508.3723033112,4125508.7002034904,4506509.028103669
1970-03-01,695813.1909343351,1104824.8515313815,1513836.5121284283,1922848.1727254745,2331859.8333225213,2740871.4939195677,3149883.1545166145,3558894.8151136613,3967906.4757107073,4376918.136307755,4785929.7969048
1970-04-01,695536.2503608274,1128957.0594604115,1562377.8685599954,1995798.6776595796,2429219.4867591634,2862640.295858747,3296061.104958331,3729481.914057915,4162902.7231574995,4596323.532257083,5029744.341356667
1970-05-01,695328.6895579739,1142092.6577780698,1588856.6259981655,2035620.5942182613,2482384.562438357,2929148.530658453,3375912.498878549,3822676.467098644,4269440.435318741,4716204.403538836,5162968.371758931
1970-06-01,694084.315287538,1197080.1003703347,1700075.8854531313,2203071.670535928,2706067.4556187247,3209063.2407015213,3712059.025784319,4215054.810867115,4718050.5959499115,5221046.381032708,5724042.166115505
1970-07-01,693808.1177884191,1146538.3747729054,1599268.6317573918,2051998.8887418783,2504729.145726364,2957459.402710851,3410189.6596953375,3862919.916679824,4315650.173664309,4768380.430648796,5221110.6876332825
1970-08-01,693601.0726920927,1158779.699347674,1623958.3260032553,2089136.9526588367,2554315.5793144177,3019494.2059699986,3484672.8326255805,3949851.459281161,4415030.085936743,4880208.712592323,5345387.339247905
1970-09-01,693394.1099689887,1109335.4231339481,1525276.7362989073,1941218.0494638665,2357159.362628826,2773100.6757937847,3189041.9889587443,3604983.3021237035,4020924.6152886627,4436865.928453622,4852807.241618581
1970-10-01,694084.329071089,1107930.2928290833,1521776.2565870776,1935622.220345072,2349468.184103066,2763314.14786106,3177160.1116190543,3591006.075377049,4004852.039135043,4418698.002893037,4832543.966651032
1970-11-01,694429.782151456,1038015.7091941424,1381601.6362368288,1725187.5632795156,2068773.4903222015,2412359.417364888,2755945.3444075747,3099531.271450261,3443117.198492947,3786703.125535633,4130289.05257832
1970-12-01,694983.0024519133,1021083.6009126025,1347184.1993732916,1673284.7978339808,1999385.3962946697,2325485.994755359,2651586.5932160486,2977687.1916767373,3303787.7901374265,3629888.3885981156,3955988.9870588044
1971-01-01,696090.7657552855,1016741.2623827159,1337391.7590101466,1658042.2556375768,1978692.7522650075,2299343.2488924377,2619993.7455198686,2940644.242147299,3261294.73877473,3581945.23540216,3902595.7320295903
1971-02-01,696437.666366146,973363.1196910739,1250288.5730160018,1527214.0263409298,1804139.4796658575,2081064.9329907857,2357990.3863157136,2634915.8396406416,2911841.2929655695,3188766.746290497,3465692.1996154254
1971-03-01,697270.8918892164,936774.3545468468,1176277.8172044768,1415781.2798621072,1655284.7425197375,1894788.2051773674,2134291.667834998,2373795.1304926286,2613298.5931502585,2852802.055807888,3092305.5184655185
1971-04-01,698035.7482724218,952082.6363284683,1206129.524384515,1460176.4124405617,1714223.300496608,1968270.1885526543,2222317.076608701,2476363.964664748,2730410.8527207943,2984457.740776841,3238504.6288328874
1971-05-01,698244.553461854,968076.346830228,1237908.1401986016,1507739.9335669756,1777571.7269353496,2047403.5203037236,2317235.3136720974,2587067.1070404714,2856898.900408845,3126730.6937772194,3396562.487145593
1971-06-01,697618.4499467444,960941.9210528857,1224265.392159027,1487588.8632651684,1750912.3343713093,2014235.8054774504,2277559.276583592,2540882.747689733,2804206.2187958746,3067529.6899020155,3330853.161008157
1971-07-01,696923.6108531713,968165.3075472002,1239407.0042412293,1510648.7009352576,1781890.3976292866,2053132.0943233154,2324373.791017344,2595615.487711373,2866857.184405402,3138098.881099431,3409340.5777934594
1971-08-01,695813.7494245219,933321.5492955976,1170829.3491666734,1408337.149037749,1645844.948908825,1883352.7487799006,2120860.5486509763,2358368.3485220517,2595876.148393128,2833383.9482642035,3070891.7481352794
1971-09-01,695189.8255683066,906621.4859119242,1118053.1462555418,1329484.8065991593,1540916.466942777,1752348.1272863944,1963779.787630012,2175211.4479736295,2386643.108317247,2598074.7686608643,2809506.429004482
1971-10-01,694150.8849103883,925451.0754800692,1156751.26604975,1388051.4566194308,1619351.6471891114,1850651.837758792,2081952.0283284732,2313252.2188981534,2544552.4094678345,2775852.600037515,3007152.790607196
1971-11-01,692767.7009213282,947653.0322688861,1202538.3636164442,1457423.6949640021,1712309.02631156,1967194.3576591178,2222079.689006676,2476965.020354234,2731850.3517017914,2986735.68304935,3241621.0143969073
1971-12-01,691249.2303205241,924532.9563763234,1157816.6824321225,1391100.4084879216,1624384.1345437206,1857667.86059952,2090951.5866553192,2324235.3127111183,2557519.038766918,2790802.7648227164,3024086.490878516
1972-01-01,690215.3547143007,911654.4426855621,1133093.5306568237,1354532.618628085,1575971.7065993464,1797410.7945706076,2018849.8825418695,2240288.970513131,2461728.0584843922,2683167.1464556535,2904606.2344269147
1972-02-01,689389.1617710023,896010.3967905517,1102631.631810101,1309252.8668296502,1515874.1018491995,1722495.3368687488,1929116.5718882983,2135737.806907847,2342359.041927397,2548980.2769469456,2755601.5119664953
1972-03-01,688426.6158185942,904649.0050881008,1120871.3943576075,1337093.7836271138,1553316.1728966204,1769538.562166127,1985760.9514356337,2201983.34070514,2418205.7299746466,2634428.1192441527,2850650.5085136597
1972-04-01,687465.605486413,887799.1396666314,1088132.6738468495,1288466.2080270676,1488799.742207286,1689133.276387504,1889466.8105677222,2089800.3447479403,2290133.878928159,2490467.413108377,2690800.947288595
1972-05-01,686368.9504826445,879369.3401800909,1072369.729877537,1265370.1195749834,1458370.5092724296,1651370.8989698759,1844371.2886673221,2037371.6783647684,2230372.0680622146,2423372.457759661,2616372.847457107
1972-06-01,685273.9357047296,865122.832271969,1044971.728839208,1224820.625406447,1404669.521973686,1584518.4185409253,1764367.3151081647,1944216.2116754036,2124065.1082426426,2303914.004809882,2483762.901377121
1972-07-01,684180.8858621145,845294.3382372537,1006407.7906123931,1167521.2429875324,1328634.6953626713,1489748.1477378106,1650861.6001129497,1811975.0524880893,1973088.5048632282,2134201.9572383678,2295315.4096135064
1972-08-01,683157.5821141896,837901.4442421909,992645.3063701921,1147389.1684981931,1302133.0306261943,1456876.8927541955,1611620.754882197,1766364.617010198,1921108.4791381988,2075852.3412662004,2230596.203394201
1972-09-01,681795.8966804368,815539.2294567475,949282.5622330584,1083025.895009369,1216769.2277856797,1350512.5605619906,1484255.8933383015,1617999.2261146123,1751742.5588909227,1885485.8916672338,2019229.2244435442
1972-10-01,680030.2897766825,828075.9841991465,976121.6786216103,1124167.373044074,1272213.067466538,1420258.761889002,1568304.456311466,1716350.1507339298,1864395.8451563937,2012441.5395788574,2160487.2340013213
1972-11-01,678336.4811441802,828836.1528190927,979335.8244940054,1129835.496168918,1280335.1678438303,1430834.839518743,1581334.5111936557,1731834.1828685682,1882333.8545434808,2032833.5262183934,2183333.197893306
1972-12-01,676579.3078344518,812899.4810427222,949219.6542509927,1085539.8274592631,1221860.0006675334,1358180.1738758038,1494500.3470840743,1630820.5202923445,1767140.693500615,1903460.8667088854,2039781.0399171559
1973-01-01,674289.0154741997,811593.9256208416,948898.8357674833,1086203.7459141251,1223508.6560607667,1360813.5662074084,1498118.4763540505,1635423.3865006922,1772728.296647334,1910033.2067939758,2047338.1169406173
1973-02-01,672073.168281345,815255.1749488035,958437.181616262,1101619.1882837203,1244801.1949511787,1387983.2016186372,1531165.2082860959,1674347.214953554,1817529.2216210123,1960711.2282884708,2103893.234955929
1973-03-01,669664.7834457757,817394.711358954,965124.6392721323,1112854.5671853104,1260584.4950984884,1408314.4230116664,1556044.3509248446,1703774.2788380228,1851504.206751201,1999234.134664379,2146964.0625775573
1973-04-01,666866.7411751105,845301.6072261969,1023736.4732772833,1202171.3393283698,1380606.205379456,1559041.0714305425,1737475.937481629,1915910.8035327154,2094345.6695838016,2272780.5356348883,2451215.4016859746
1973-05-01,664080.112667563,864405.7519389956,1064731.391210428,1265057.0304818605,1465382.6697532928,1665708.309024725,1866033.9482961574,2066359.5875675902,2266685.2268390227,2467010.866110455,2667336.5053818873
1973-06-01,661371.1996619549,868923.1862516205,1076475.1728412863,1284027.159430952,1491579.1460206176,1699131.132610283,1906683.119199949,2114235.105789615,2321787.0923792804,2529339.078968946,2736891.065558612
1973-07-01,657625.3572155392,857057.4137661298,1056489.4703167204,1255921.526867311,1455353.5834179015,1654785.639968492,1854217.6965190829,2053649.7530696734,2253081.809620264,2452513.866170855,2651945.922721445
1973-08-01,653511.1171455706,868464.7767838993,1083418.436422228,1298372.096060557,1513325.7556988855,1728279.415337214,1943233.0749755434,2158186.7346138717,2373140.3942522006,2588094.053890529,2803047.7135288576
1973-09-01,649616.5336107346,847463.8690612644,1045311.2045117944,1243158.539962324,1441005.8754128541,1638853.210863384,1836700.5463139138,2034547.8817644438,2232395.2172149736,2430242.552665503,2628089.888116033
1973-10-01,645873.0900986203,860760.577345538,1075648.0645924555,1290535.551839373,1505423.0390862904,1720310.526333208,1935198.0135801255,2150085.5008270433,2364972.9880739604,2579860.4753208784,2794747.9625677955
1973-11-01,642725.9360199781,901355.2999978681,1159984.6639757582,1418614.0279536487,1677243.3919315387,1935872.7559094287,2194502.1198873194,2453131.483865209,2711760.847843099,2970390.211820989,3229019.575798879
1973-12-01,639149.5595874337,908152.486791912,1177155.4139963903,1446158.3412008684,1715161.2684053464,1984164.1956098247,2253167.1228143033,2522170.0500187813,2791172.9772232594,3060175.9044277375,3329178.8316322155
1974-01-01,635592.730079644,910750.1487900486,1185907.5675004532,1461064.9862108578,1736222.404921262,2011379.8236316666,2286537.242342071,2561694.6610524757,2836852.07976288,3112009.4984732848,3387166.9171836893
1974-02-01,632306.7068181464,912326.0914873674,1192345.4761565884,1472364.8608258092,1752384.2454950302,2032403.6301642512,2312423.014833472,2592442.399502693,2872461.784171914,3152481.1688411348,3432500.5535103558
1974-03-01,629351.414930669,913283.5536404031,1197215.6923501373,1481147.8310598715,1765079.9697696054,2049012.1084793394,2332944.247189074,2616876.385898808,2900808.5246085417,3184740.663318276,3468672.80202801
1974-04-01,625166.1499380791,919689.9416220682,1214213.733306057,1508737.5249900462,1803261.316674035,2097785.1083580237,2392308.9000420133,2686832.691726002,2981356.4834099906,3275880.27509398,3570404.066777969
1974-05-01,620884.6150154263,935129.0090272634,1249373.4030391006,1563617.7970509375,1877862.1910627745,2192106.585074612,2506350.979086449,2820595.373098286,3134839.767110123,3449084.1611219603,3763328.5551337968
1974-06-01,617675.2710809524,948293.2591373299,1278911.2471937076,1609529.2352500851,1940147.2233064626,2270765.21136284,2601383.199419218,2932001.1874755956,3262619.175531973,3593237.1635883506,3923855.151644728
1974-07-01,613994.9814816628,959466.7331899217,1304938.4848981805,1650410.236606439,1995881.988314698,2341353.7400229564,2686825.4917312157,3032297.2434394746,3377768.9951477335,3723240.7468559914,4068712.4985642503
1974-08-01,611004.3498621192,996788.7061336278,1382573.0624051364,1768357.418676645,2154141.7749481536,2539926.1312196623,2925710.487491171,3311494.8437626795,3697279.2000341876,4083063.5563056967,4468847.912577204
1974-09-01,606761.684998481,1056674.733739958,1506587.782481435,1956500.831222912,2406413.8799643894,2856326.928705866,3306239.9774473435,3756153.0261888206,4206066.074930297,4655979.123671775,5105892.172413251
1974-10-01,604346.953389691,988433.9801096468,1372521.0068296026,1756608.0335495588,2140695.0602695146,2524782.0869894703,2908869.1137094265,3292956.140429382,3677043.1671493375,4061130.193869294,4445217.220589249
1974-11-01,602002.6594586982,1026465.8021695118,1450928.9448803253,1875392.0875911391,2299855.2303019525,2724318.373012766,3148781.5157235796,3573244.6584343934,3997707.8011452067,4422170.94385602,4846634.086566834
1974-12-01,598774.4426155247,1055054.060544588,1511333.6784736507,1967613.296402714,2423892.914331777,2880172.53226084,3336452.1501899036,3792731.7681189664,4249011.386048029,4705291.003977092,5161570.621906155
1975-01-01,596274.0919901669,976724.2270186142,1357174.3620470613,1737624.4970755086,2118074.632103956,2498524.7671324024,2878974.90216085,3259425.037189297,3639875.1722177444,4020325.3072461914,4400775.442274638
1975-02-01,594671.0450436628,958880.8214994867,1323090.5979553107,1687300.3744111343,2051510.1508669583,2415719.927322782,2779929.7037786064,3144139.48023443,3508349.2566902535,3872559.0331460778,4236768.809601902
1975-03-01,593486.5593449408,938084.0282960378,1282681.4972471346,1627278.9661982316,1971876.4351493286,2316473.9041004255,2661071.3730515228,3005668.8420026195,3350266.3109537167,3694863.779904813,4039461.24885591
1975-04-01,592127.5200314262,909612.0906810027,1227096.6613305793,1544581.2319801557,1862065.8026297323,2179550.373279309,2497034.9439288857,2814519.514578462,3132004.085228038,3449488.6558776144,3766973.2265271912
1975-05-01,590948.4528867992,902310.6773670613,1213672.9018473232,1525035.1263275852,1836397.3508078472,2147759.575288109,2459121.7997683715,2770484.024248633,3081846.248728895,3393208.4732091567,3704570.6976894187
1975-06-01,589889.0890632801,885628.3070890103,1181367.5251147402,1477106.7431404707,1772845.9611662007,2068585.1791919305,2364324.397217661,2660063.6152433907,2955802.833269121,3251542.051294851,3547281.269320581
1975-07-01,588480.1183091475,923203.4923031486,1257926.8662971498,1592650.2402911508,1927373.614285152,2262096.9882791527,2596820.362273154,2931543.736267155,3266267.110261156,3600990.484255157,3935713.858249158
1975-08-01,587425.9142755526,928139.7375883617,1268853.5609011713,1609567.3842139803,1950281.2075267897,2290995.0308395987,2631708.8541524084,2972422.6774652177,3313136.500778027,3653850.3240908356,3994564.147403645
1975-09-01,586023.5247457994,945549.591440084,1305075.6581343687,1664601.7248286533,2024127.7915229383,2383653.8582172226,2743179.9249115074,3102705.9916057917,3462232.0583000765,3821758.124994361,4181284.1916886456
1975-10-01,584333.5205475462,913818.1380333806,1243302.7555192153,1572787.3730050498,1902271.9904908843,2231756.607976719,2561241.2254625536,2890725.8429483874,3220210.4604342226,3549695.077920057,3879179.695405891
1975-11-01,583751.5730118945,916531.4263322655,1249311.2796526365,1582091.1329730074,1914870.9862933785,2247650.839613749,2580430.6929341205,2913210.5462544914,3245990.3995748623,3578770.2528952337,3911550.106215604
1975-12-01,582822.0322905374,920441.8665109753,1258061.7007314132,1595681.534951851,1933301.3691722886,2270921.2033927264,2608541.0376131646,2946160.8718336024,3283780.7060540398,3621400.540274478,3959020.374494916
1976-01-01,582125.917590877,887333.2568522871,1192540.5961136972,1497747.9353751072,1802955.274636517,2108162.613897927,2413369.9531593374,2718577.292420747,3023784.631682157,3328991.9709435673,3634199.310204977
1976-02-01,582125.9175908782,885130.7118157999,1188135.5060407217,1491140.3002656435,1794145.0944905651,2097149.8887154865,2400154.6829404086,2703159.47716533,3006164.271390252,3309169.065615174,3612173.859840095
1976-03-01,581951.9755836296,881879.6225405666,1181807.2694975038,1481734.916454441,1781662.563411378,2081590.210368315,2381517.857325252,2681445.5042821895,2981373.1512391265,3281300.798196063,3581228.4451530003
1976-04-01,581604.2647836399,889385.8008247502,1197167.3368658603,1504948.8729069703,1812730.4089480808,2120511.9449891904,2428293.481030301,2736075.0170714115,3043856.5531125213,3351638.0891536316,3659419.6251947414
1976-05-01,581951.9409407284,881716.9398110247,1181481.938681321,1481246.9375516174,1781011.9364219133,2080776.9352922093,2380541.934162506,2680306.9330328023,2980071.931903098,3279836.930773394,3579601.92964369
1976-06-01,581778.1028621848,866350.0036113302,1150921.9043604755,1435493.805109621,1720065.7058587663,2004637.6066079116,2289209.507357057,2573781.4081062027,2858353.308855348,3142925.2096044933,3427497.110353639
1976-07-01,581372.7632861872,866743.7226527025,1152114.6820192179,1437485.6413857334,1722856.600752249,2008227.560118764,2293598.51948528,2578969.478851795,2864340.43821831,3149711.3975848253,3435082.356951341
1976-08-01,581372.7632861873,875688.3537273878,1170003.9441685886,1464319.5346097893,1758635.12505099,2052950.71549219,2347266.305933391,2641581.8963745916,2935897.486815792,3230213.0772569934,3524528.6676981933
1976-09-01,581199.1155074289,874672.429588043,1168145.7436686568,1461619.057749271,1755092.3718298848,2048565.685910499,2342038.999991113,2635512.314071727,2928985.628152341,3222458.9422329552,3515932.256313569
1976-10-01,581199.115507428,894909.0434523225,1208618.971397217,1522328.8993421115,1836038.8272870057,2149748.7552319006,2463458.6831767955,2777168.6111216894,3090878.539066584,3404588.4670114787,3718298.3949563727
1976-11-01,581314.8922236649,900031.9858644829,1218749.079505301,1537466.173146119,1856183.2667869371,2174900.360427755,2493617.454068573,2812334.5477093915,3131051.6413502092,3449768.734991027,3768485.8286318453
1976-12-01,581314.8922236641,882975.190034748,1184635.4878458318,1486295.7856569157,1787956.0834679997,2089616.3812790834,2391276.6790901674,2692936.9769012514,2994597.2747123353,3296257.5725234197,3597917.870334503
1977-01-01,581778.2759560075,903897.3419111798,1226016.4078663518,1548135.473821524,1870254.5397766961,2192373.605731868,2514492.6716870405,2836611.7376422123,3158730.8035973846,3480849.8695525564,3802968.9355077287
1977-02-01,581952.2007021831,904092.5183137765,1226232.83592537,1548373.1535369635,1870513.4711485566,2192653.7887601503,2514794.106371744,2836934.423983337,3159074.7415949306,3481215.0592065235,3803355.376818117
1977-03-01,582242.0752791407,912457.0910283987,1242672.1067776566,1572887.1225269146,1903102.138276172,2233317.1540254303,2563532.1697746883,2893747.185523946,3223962.2012732043,3554177.217022462,3884392.2327717193
1977-04-01,582590.0980378246,925907.6173815266,1269225.1367252285,1612542.6560689306,1955860.1754126325,2299177.694756334,2642495.2141000363,2985812.7334437384,3329130.25278744,3672447.772131142,4015765.291474844
1977-05-01,582822.2750221984,945363.0149703855,1307903.7549185725,1670444.4948667597,2032985.2348149465,2395525.9747631336,2758066.7147113206,3120607.4546595076,3483148.1946076946,3845688.934555881,4208229.674504069
1977-06-01,582822.2750221986,918621.2206156595,1254420.1662091205,1590219.1118025812,1926018.0573960422,2261817.002989503,2597615.948582964,2933414.8941764254,3269213.8397698863,3605012.7853633463,3940811.7309568077
1977-07-01,582706.198090308,910334.1685262941,1237962.1389622798,1565590.109398266,1893218.079834252,2220846.0502702375,2548474.020706224,2876101.9911422096,3203729.9615781954,3531357.9320141813,3858985.902450167
1977-08-01,582590.1673857901,920710.1647051245,1258830.1620244589,1596950.1593437935,1935070.1566631277,2273190.153982462,2611310.151301797,2949430.1486211307,3287550.1459404654,3625670.143259799,3963790.1405791338
1977-09-01,581952.0620545896,933512.078648216,1285072.095241842,1636632.1118354683,1988192.1284290946,2339752.1450227206,2691312.1616163473,3042872.178209973,3394432.1948035997,3745992.2113972255,4097552.2279908517
1977-10-01,580967.567572061,958251.7244466403,1335535.88132122,1712820.038195799,2090104.1950703785,2467388.351944958,2844672.5088195372,3221956.665694117,3599240.822568696,3976524.979443275,4353809.136317855
1977-11-01,580042.6440813988,920089.0254950849,1260135.4069087708,1600181.7883224569,1940228.1697361425,2280274.5511498284,2620320.9325635144,2960367.3139772005,3300413.695390886,3640460.0768045727,3980506.458218258
1977-12-01,578772.7726345104,913573.4845998161,1248374.1965651219,1583174.9085304274,1917975.6204957333,2252776.3324610386,2587577.0444263443,2922377.75639165,3257178.4683569563,3591979.1803222615,3926779.892287567
1978-01-01,577160.1109135664,909587.073986625,1242014.0370596834,1574441.000132742,1906867.9632058,2239294.926278859,2571721.8893519174,2904148.852424976,3236575.815498034,3569002.7785710925,3901429.7416441506
1978-02-01,575264.203720638,899886.5086227728,1224508.8135249077,1549131.1184270424,1873753.423329177,2198375.728231312,2522998.0331334467,2847620.3380355816,3172242.642937716,3496864.947839851,3821487.2527419855
1978-03-01,573204.170761927,882691.8210968273,1192179.4714317275,1501667.1217666278,1811154.772101528,2120642.4224364283,2430130.0727713285,2739617.7231062287,3049105.373441129,3358593.0237760292,3668080.6741109295
1978-04-01,571151.7189867697,868596.2499200116,1166040.7808532536,1463485.3117864956,1760929.8427197377,2058374.3736529797,2355818.9045862216,2653263.435519464,2950707.9664527057,3248152.497385948,3545597.0283191893
1978-05-01,569276.4820226288,866145.8189968336,1163015.1559710384,1459884.4929452431,1756753.8299194481,2053623.1668936526,2350492.5038678576,2647361.840842062,2944231.177816267,3241100.5147904716,3537969.8517646766
1978-06-01,567181.4720927672,838812.696862136,1110443.921631505,1382075.146400874,1653706.371170243,1925337.5959396116,2196968.820708981,2468600.04547835,2740231.2702477183,3011862.495017087,3283493.7197864563
1978-07-01,564868.9780239719,817219.3964089087,1069569.8147938452,1321920.233178782,1574270.6515637184,1826621.0699486549,2078971.4883335917,2331321.906718529,2583672.325103465,2836022.7434884016,3088373.1618733383
1978-08-01,562453.567716193,807112.9604519951,1051772.3531877974,1296431.7459235997,1541091.1386594016,1785750.531395204,2030409.9241310062,2275069.316866808,2519728.70960261,2764388.1023384123,3009047.4950742144
1978-09-01,559826.324853673,779324.1446295865,998821.9644054996,1218319.784181413,1437817.6039573266,1657315.42373324,1876813.2435091534,2096311.0632850667,2315808.88306098,2535306.7028368935,2754804.522612807
1978-10-01,556490.0535494214,758014.0588209153,959538.0640924091,1161062.069363903,1362586.0746353967,1564110.0799068906,1765634.0851783846,1967158.0904498785,2168682.0957213724,2370206.1009928663,2571730.10626436
1978-11-01,552787.4881484464,727027.1335963788,901266.7790443114,1075506.424492244,1249746.0699401763,1423985.7153881087,1598225.3608360412,1772465.0062839738,1946704.6517319062,2120944.2971798386,2295183.9426277713
1978-12-01,548509.117035569,723447.5509702099,898385.9849048507,1073324.4188394917,1248262.8527741325,1423201.2867087733,1598139.7206434144,1773078.1545780553,1948016.5885126959,2122955.022447337,2297893.4563819775
1979-01-01,544317.8694408742,691047.514610386,837777.1597798975,984506.8049494092,1131236.450118921,1277966.0952884327,1424695.7404579443,1571425.385627456,1718155.0307969677,1864884.6759664791,2011614.3211359908
1979-02-01,540427.1827934261,672433.4292567937,804439.6757201613,936445.9221835288,1068452.1686468963,1200458.4151102637,1332464.6615736315,1464470.908036999,1596477.1545003664,1728483.400963734,1860489.6474271016
1979-03-01,536192.112121798,673077.3958936309,809962.679665464,946847.9634372969,1083733.2472091299,1220618.5309809626,1357503.8147527957,1494389.0985246287,1631274.3822964616,1768159.666068294,1905044.9498401275
1979-04-01,531989.8128303682,687167.5341914151,842345.2555524617,997522.9769135085,1152700.6982745554,1307878.419635602,1463056.140996649,1618233.8623576956,1773411.5837187425,1928589.3050797891,2083767.026440836
1979-05-01,527662.9764236931,697197.5597910993,866732.1431585053,1036266.7265259115,1205801.3098933173,1375335.8932607234,1544870.4766281298,1714405.0599955358,1883939.6433629417,2053474.2267303478,2223008.810097754
1979-06-01,523475.59043878224,684464.6532755705,845453.7161123587,1006442.778949147,1167431.8417859355,1328420.9046227233,1489409.9674595117,1650399.0302963,1811388.0931330882,1972377.1559698766,2133366.218806665
1979-07-01,519527.5756652034,693825.0248668109,868122.4740684183,1042419.9232700258,1216717.372471633,1391014.8216732405,1565312.270874848,1739609.720076455,1913907.1692780624,2088204.6184796703,2262502.067681277
1979-08-01,515609.3365314769,683977.8203124214,852346.3040933659,1020714.7878743106,1189083.271655255,1357451.7554361997,1525820.2392171442,1694188.722998089,1862557.206779033,2030925.6905599777,2199294.1743409224
1979-09-01,511416.1434742945,689199.0597340117,866981.9759937287,1044764.8922534458,1222547.8085131631,1400330.7247728803,1578113.6410325975,1755896.5572923147,1933679.4735520314,2111462.389811749,2289245.306071466
1979-10-01,507005.19824952376,696827.1964614212,886649.1946733188,1076471.192885216,1266293.1910971138,1456115.189309011,1645937.1875209087,1835759.185732806,2025581.1839447033,2215403.182156601,2405225.180368498
1979-11-01,502035.0512422255,691040.5996933014,880046.1481443773,1069051.6965954532,1258057.2450465288,1447062.7934976046,1636068.3419486808,1825073.8903997561,2014079.4388508322,2203084.9873019075,2392090.5357529838
1979-12-01,497360.33159717603,687019.6337638136,876678.935930451,1066338.2380970886,1255997.5402637261,1445656.8424303639,1635316.1445970016,1824975.4467636389,2014634.7489302761,2204294.051096914,2393953.3532635514
1980-01-01,493413.0273781512,661734.5577475068,830056.0881168621,998377.6184862176,1166699.148855573,1335020.6792249284,1503342.209594284,1671663.7399636393,1839985.2703329949,2008306.80070235,2176628.3310717056
1980-02-01,489060.38990797044,665963.7058735285,842867.0218390864,1019770.3378046445,1196673.6537702025,1373576.9697357602,1550480.2857013184,1727383.6016668763,1904286.9176324345,2081190.233597992,2258093.54956355
1980-03-01,483261.8278302156,706771.13961644,930280.4514026643,1153789.7631888888,1377299.0749751132,1600808.3867613375,1824317.6985475621,2047827.0103337867,2271336.322120011,2494845.6339062355,2718354.9456924596
1980-04-01,477296.22162057937,693108.282245928,908920.3428712767,1124732.4034966251,1340544.4641219738,1556356.5247473223,1772168.5853726713,1987980.6459980195,2203792.706623368,2419604.7672487167,2635416.8278740654
1980-05-01,473508.53213246865,655014.3245452053,836520.116957942,1018025.9093706786,1199531.7017834152,1381037.4941961518,1562543.2866088885,1744049.0790216252,1925554.871434362,2107060.6638470986,2288566.456259835
1980-06-01,470684.70627738896,632280.2976187022,793875.8889600154,955471.4803013285,1117067.0716426417,1278662.6629839547,1440258.254325268,1601853.8456665813,1763449.4370078943,1925045.0283492075,2086640.6196905207
1980-07-01,468250.04948574264,629874.6722123431,791499.2949389437,953123.9176655443,1114748.5403921448,1276373.1631187452,1437997.785845346,1599622.4085719464,1761247.0312985468,1922871.6540251477,2084496.276751748
1980-08-01,465318.8339533896,612659.96592583,760001.0978982704,907342.229870711,1054683.3618431513,1202024.4938155916,1349365.625788032,1496706.7577604726,1644047.8897329129,1791389.0217053534,1938730.1536777937
1980-09-01,461901.10753030755,622051.8512914977,782202.5950526879,942353.3388138782,1102504.0825750683,1262654.8263362586,1422805.5700974488,1582956.313858639,1743107.0576198292,1903257.8013810194,2063408.5451422094
1980-10-01,457600.09672220016,622004.6910987817,786409.2854753631,950813.8798519446,1115218.474228526,1279623.0686051073,1444027.6629816892,1608432.2573582702,1772836.8517348517,1937241.4461114332,2101646.0404880145
1980-11-01,453294.232103676,599196.3498422003,745098.4675807245,891000.5853192487,1036902.7030577728,1182804.820796297,1328706.9385348214,1474609.0562733456,1620511.1740118696,1766413.2917503938,1912315.409488918
1980-12-01,447477.6049026625,613667.020659893,779856.4364171237,946045.8521743541,1112235.2679315845,1278424.6836888152,1444614.099446046,1610803.5152032766,1776992.930960507,1943182.3467177374,2109371.762474968
1981-01-01,442916.02599282714,622769.8975077579,802623.7690226885,982477.6405376195,1162331.51205255,1342185.3835674806,1522039.2550824115,1701893.126597342,1881746.9981122732,2061600.8696272033,2241454.741142134
1981-02-01,438270.81982331653,622579.2130187972,806887.6062142781,991195.999409759,1175504.3926052395,1359812.7858007203,1544121.1789962014,1728429.572191682,1912737.9653871625,2097046.3585826433,2281354.7517781244
1981-03-01,433074.44610739936,608288.0716374202,783501.6971674411,958715.3226974622,1133928.948227483,1309142.5737575039,1484356.199287525,1659569.8248175455,1834783.4503475667,2009997.075877587,2185210.701407608
1981-04-01,428447.2161727341,612915.6578943642,797384.0996159941,981852.5413376243,1166320.9830592542,1350789.424780884,1535257.8665025143,1719726.3082241442,1904194.7499457742,2088663.191667404,2273131.6333890343
1981-05-01,423576.09112479835,602808.417008862,782040.7428929256,961273.0687769894,1140505.3946610529,1319737.7205451163,1498970.04642918,1678202.3723132436,1857434.6981973073,2036667.0240813708,2215899.3499654345
1981-06-01,417933.9823628997,596051.9770440964,774169.9717252931,952287.9664064898,1130405.9610876867,1308523.9557688832,1486641.9504500802,1664759.9451312767,1842877.9398124735,2020995.9344936702,2199113.929174867
1981-07-01,412815.0754275979,586944.8179439472,761074.5604602963,935204.3029766456,1109334.0454929946,1283463.7880093437,1457593.530525693,1631723.2730420423,1805853.0155583913,1979982.7580747404,2154112.5005910895
1981-08-01,407638.5830718219,581806.064336666,755973.5456015103,930141.0268663545,1104308.5081311986,1278475.989396043,1452643.4706608872,1626810.9519257315,1800978.4331905756,1975145.9144554196,2149313.395720264
1981-09-01,402645.77545616403,573587.517987599,744529.2605190338,915471.0030504686,1086412.7455819035,1257354.4881133384,1428296.2306447732,1599237.973176208,1770179.7157076432,1941121.458239078,2112063.2007705127
1981-10-01,397832.00815745926,579603.5007759742,761374.9933944893,943146.4860130043,1124917.9786315192,1306689.4712500342,1488460.9638685496,1670232.4564870642,1852003.9491055794,2033775.441724094,2215546.9343426093
1981-11-01,393620.27125503024,565760.5852437115,737900.8992323929,910041.2132210742,1082181.5272097555,1254321.8411984367,1426462.155187118,1598602.4691757993,1770742.7831644805,1942883.0971531621,2115023.411141843
1981-12-01,390225.31104890484,570339.5638524274,750453.8166559499,930568.0694594726,1110682.322262995,1290796.5750665176,1470910.8278700402,1651025.0806735626,1831139.3334770852,2011253.5862806076,2191367.8390841302
1982-01-01,387128.28477073903,584351.9034554852,781575.5221402317,978799.1408249779,1176022.759509724,1373246.3781944704,1570469.9968792167,1767693.615563963,1964917.2342487092,2162140.8529334557,2359364.4716182016
1982-02-01,383599.1723847986,604406.9788222841,825214.78525977,1046022.5916972556,1266830.3981347412,1487638.2045722269,1708446.0110097127,1929253.8174471983,2150061.623884684,2370869.4303221693,2591677.236759655
1982-03-01,379876.38382333005,611406.4508208429,842936.5178183559,1074466.5848158686,1305996.6518133816,1537526.7188108943,1769056.7858084072,2000586.8528059204,2232116.919803433,2463646.986800946,2695177.0537984585
1982-04-01,375631.74510365905,594106.5172102494,812581.2893168398,1031056.0614234303,1249530.8335300207,1468005.605636611,1686480.3777432016,1904955.149849792,2123429.921956382,2341904.694062973,2560379.466169563
1982-05-01,371728.9810787345,581921.478940543,792113.9768023517,1002306.4746641603,1212498.972525969,1422691.4703877775,1632883.9682495862,1843076.4661113948,2053268.963973203,2263461.461835012,2473653.9596968205
1982-06-01,368194.31564850855,593928.9399407298,819663.5642329509,1045398.1885251722,1271132.812817393,1496867.4371096145,1722602.0614018356,1948336.685694057,2174071.309986278,2399805.9342784993,2625540.5585707203
1982-07-01,364368.4469554762,598374.3543277296,832380.2616999829,1066386.1690722364,1300392.0764444896,1534397.983816743,1768403.8911889964,2002409.7985612499,2236415.7059335033,2470421.6133057564,2704427.5206780094
1982-08-01,361656.29595094477,573136.9224907996,784617.5490306545,996098.1755705092,1207578.8021103642,1419059.4286502188,1630540.0551900738,1842020.6817299284,2053501.3082697834,2264981.9348096377,2476462.561349493
1982-09-01,359857.18991198915,573755.347912587,787653.5059131848,1001551.6639137829,1215449.8219143806,1429347.9799149781,1643246.1379155763,1857144.2959161743,2071042.4539167718,2284940.6119173695,2498838.7699179677
1982-10-01,357782.26029523805,541425.7065728372,725069.1528504364,908712.5991280356,1092356.045405635,1275999.4916832338,1459642.9379608333,1643286.3842384322,1826929.8305160315,2010573.2767936306,2194216.7230712296
1982-11-01,355577.89776534605,530024.0045972524,704470.1114291588,878916.2182610653,1053362.3250929716,1227808.431924878,1402254.5387567845,1576700.6455886909,1751146.7524205972,1925592.8592525038,2100038.96608441
1982-12-01,353246.70264738495,527842.9480974362,702439.1935474875,877035.4389975389,1051631.6844475898,1226227.929897641,1400824.1753476923,1575420.4207977438,1750016.6662477949,1924612.9116978461,2099209.1571478974
1983-01-01,350826.0032251316,528261.1538808531,705696.3045365744,883131.4551922958,1060566.6058480174,1238001.7565037387,1415436.9071594602,1592872.0578151818,1770307.208470903,1947742.3591266242,2125177.509782346
1983-02-01,348664.28466023784,522341.5808243431,696018.8769884483,869696.1731525537,1043373.469316659,1217050.7654807644,1390728.0616448699,1564405.357808975,1738082.6539730802,1911759.9501371856,2085437.2463012908
1983-03-01,346481.4515156895,521586.6813691342,696691.9112225791,871797.1410760237,1046902.3709294685,1222007.6007829132,1397112.8306363581,1572218.0604898029,1747323.2903432476,1922428.520196692,2097533.750050137
1983-04-01,344038.77620463585,508038.109588263,672037.4429718902,836036.7763555173,1000036.1097391444,1164035.4431227716,1328034.7765063988,1492034.1098900258,1656033.4432736528,1820032.7766572798,1984032.110040907
1983-05-01,341681.1760896181,509053.0791448906,676424.9822001631,843796.8852554356,1011168.788310708,1178540.6913659803,1345912.5944212528,1513284.4974765256,1680656.4005317981,1848028.3035870702,2015400.2066423427
1983-06-01,339407.1481967002,497409.31020011054,655411.4722035208,813413.6342069311,971415.7962103414,1129417.958213752,1287420.1202171622,1445422.2822205725,1603424.4442239827,1761426.606227393,1919428.7682308033
1983-07-01,336913.9847098471,512973.98193971533,689033.9791695836,865093.9763994518,1041153.9736293202,1217213.9708591884,1393273.968089057,1569333.965318925,1745393.9625487933,1921453.9597786611,2097513.9570085295
1983-08-01,334372.75179619616,504473.4108648908,674574.0699335854,844674.7290022799,1014775.3880709745,1184876.047139669,1354976.7062083636,1525077.3652770582,1695178.0243457528,1865278.6834144471,2035379.342483142
1983-09-01,331850.68657820136,506387.2095504713,680923.7325227412,855460.2554950112,1029996.7784672809,1204533.3014395507,1379069.8244118209,1553606.3473840905,1728142.8703563605,1902679.3933286304,2077215.9163009003
1983-10-01,329347.64448015235,518732.39303025114,708117.14158035,897501.8901304487,1086886.6386805475,1276271.3872306463,1465656.1357807452,1655040.8843308438,1844425.6328809431,2033810.3814310415,2223195.12998114
1983-11-01,327058.2368223957,517190.6068335128,707322.9768446297,897455.3468557467,1087587.7168668637,1277720.0868779807,1467852.4568890978,1657984.826900215,1848117.1969113315,2038249.5669224486,2228381.936933566
1983-12-01,324688.0143178756,523726.8391352188,722765.663952562,921804.4887699053,1120843.3135872483,1319882.1384045917,1518920.963221935,1717959.788039278,1916998.6128566212,2116037.4376739645,2315076.2624913077
1984-01-01,322238.9979335801,516463.4723385822,710687.9467435844,904912.4211485866,1099136.8955535886,1293361.369958591,1487585.844363593,1681810.3187685953,1876034.7931735972,2070259.2675785997,2264483.7419836014
1984-02-01,319967.2305963459,535000.8060941473,750034.3815919486,965067.95708975,1180101.5325875513,1395135.1080853525,1610168.6835831539,1825202.2590809553,2040235.8345787565,2255269.4100765577,2470302.985574359
1984-03-01,317648.3972960841,530599.0131210554,743549.628946027,956500.2447709985,1169450.86059597,1382401.4764209413,1595352.0922459129,1808302.7080708842,2021253.3238958556,2234203.9397208267,2447154.555545798
1984-04-01,315096.1187343361,527130.8415912925,739165.5644482491,951200.2873052056,1163235.0101621621,1375269.7330191187,1587304.4558760752,1799339.1787330317,2011373.901589988,2223408.6244469443,2435443.347303901
1984-05-01,312657.39108388254,543561.4764400125,774465.5617961424,1005369.6471522724,1236273.7325084019,1467177.817864532,1698081.9032206621,1928985.9885767917,2159890.0739329215,2390794.1592890513,2621698.244645181
1984-06-01,310329.91670856765,541568.9998237831,772808.0829389986,1004047.166054214,1235286.2491694295,1466525.3322846447,1697764.4153998604,1929003.4985150758,2160242.581630291,2391481.6647455064,2622720.747860722
1984-07-01,307805.90826082934,538949.8349351694,770093.7616095095,1001237.6882838495,1232381.6149581897,1463525.5416325296,1694669.46830687,1925813.39498121,2156957.3216555496,2388101.2483298895,2619245.17500423
1984-08-01,305272.14942063764,520496.6149848213,735721.0805490048,950945.5461131886,1166170.011677372,1381394.4772415557,1596618.9428057394,1811843.408369923,2027067.8739341064,2242292.3394982903,2457516.8050624738
1984-09-01,302669.19434923446,513192.74819866597,723716.3020480976,934239.855897529,1144763.4097469605,1355286.963596392,1565810.5174458236,1776334.0712952549,1986857.6251446868,2197381.1789941182,2407904.7328435495
1984-10-01,299672.46965270746,516145.23283499264,732617.9960172778,949090.7591995631,1165563.5223818482,1382036.2855641334,1598509.0487464187,1814981.8119287041,2031454.575110989,2247927.3382932744,2464400.101475559
1984-11-01,297500.714437315,523155.730308997,748810.746180679,974465.7620523608,1200120.7779240427,1425775.7937957249,1651430.8096674068,1877085.8255390888,2102740.8414107705,2328395.8572824528,2554050.8731541345
1984-12-01,295608.8180021014,515147.64811812446,734686.4782341475,954225.3083501706,1173764.1384661933,1393302.9685822164,1612841.79869824,1832380.6288142628,2051919.4589302856,2271458.289046309,2490997.119162332
1985-01-01,293699.7695003491,486551.8702955086,679403.971090668,872256.0718858273,1065108.1726809868,1257960.2734761462,1450812.3742713057,1643664.475066465,1836516.5758616247,2029368.676656784,2222220.777451943
1985-02-01,292006.1339235924,494479.6768288505,696953.2197341087,899426.7626393668,1101900.305544625,1304373.848449883,1506847.3913551415,1709320.9342603998,1911794.4771656578,2114268.020070916,2316741.5629761736
1985-03-01,290206.85144463624,490770.8673350598,691334.8832254835,891898.8991159071,1092462.9150063305,1293026.9308967541,1493590.9467871778,1694154.9626776013,1894718.9785680252,2095282.9944584486,2295847.0103488723
1985-04-01,288132.29889260896,490813.90738646017,693495.5158803114,896177.1243741626,1098858.732868014,1301540.3413618652,1504221.9498557164,1706903.558349568,1909585.166843419,2112266.7753372705,2314948.383831121
1985-05-01,286243.09446911264,479567.44450291747,672891.7945367222,866216.1445705269,1059540.4946043317,1252864.8446381364,1446189.1946719412,1639513.544705746,1832837.8947395508,2026162.2447733558,2219486.59480716
1985-06-01,284677.36893994274,470877.7128322473,657078.056724552,843278.4006168564,1029478.7445091611,1215679.0884014654,1401879.4322937701,1588079.7761860746,1774280.120078379,1960480.4639706835,2146680.807862988
1985-07-01,282923.24482204625,472887.54662076593,662851.8484194857,852816.1502182055,1042780.4520169252,1232744.753815645,1422709.0556143648,1612673.3574130845,1802637.6592118042,1992601.9610105238,2182566.2628092435
1985-08-01,281375.67858980235,459303.58931110415,637231.500032406,815159.4107537078,993087.3214750096,1171015.2321963112,1348943.142917613,1526871.0536389148,1704798.9643602164,1882726.8750815187,2060654.78580282
1985-09-01,279697.4936280343,459616.0520347445,639534.6104414547,819453.168848165,999371.7272548751,1179290.2856615854,1359208.8440682958,1539127.402475006,1719045.960881716,1898964.5192884265,2078883.0776951364
1985-10-01,277891.2008226868,464148.57058432704,650405.9403459673,836663.3101076077,1022920.6798692478,1209178.0496308883,1395435.4193925287,1581692.789154169,1767950.158915809,1954207.5286774496,2140464.89843909
1985-11-01,276206.34213565924,449637.87457570207,623069.4070157447,796500.9394557878,969932.4718958304,1143364.0043358733,1316795.536775916,1490227.0692159587,1663658.6016560013,1837090.1340960443,2010521.6665360872
1985-12-01,274450.03752595425,435228.17572994746,596006.3139339406,756784.4521379337,917562.5903419268,1078340.7285459198,1239118.8667499132,1399897.0049539062,1560675.1431578991,1721453.2813618928,1882231.4195658856
1986-01-01,272948.96830718615,420970.6962393132,568992.4241714403,717014.1521035674,865035.8800356945,1013057.6079678214,1161079.3358999486,1309101.0638320758,1457122.7917642025,1605144.5196963297,1753166.2476284567
1986-02-01,271564.26748318656,407170.4469510289,542776.6264188712,678382.8058867134,813988.9853545558,949595.1648223981,1085201.3442902404,1220807.5237580829,1356413.703225925,1492019.8826937675,1627626.0621616095
1986-03-01,269998.5888038602,408013.5719947728,546028.5551856854,684043.538376598,822058.5215675104,960073.504758423,1098088.4879493357,1236103.4711402485,1374118.4543311608,1512133.4375220733,1650148.420712986
1986-04-01,268628.7193222648,409590.79711047525,550552.8748986858,691514.9526868963,832477.0304751068,973439.1082633171,1114401.1860515277,1255363.2638397384,1396325.3416279487,1537287.4194161594,1678249.4972043696
1986-05-01,267345.5888090331,403135.0679078014,538924.5470065697,674714.026105338,810503.5052041062,946292.9843028744,1082082.4634016429,1217871.942500411,1353661.4215991793,1489450.9006979475,1625240.379796716
1986-06-01,266015.7758921552,399394.2982988776,532772.8207056001,666151.3431123225,799529.8655190449,932908.3879257673,1066286.91033249,1199665.4327392124,1333043.9551459348,1466422.4775526572,1599800.9999593797
1986-07-01,264692.57764358766,414985.26265293185,565277.947662276,715570.63267162,865863.3176809641,1016156.0026903083,1166448.6876996523,1316741.3727089963,1467034.0577183405,1617326.7427276843,1767619.4277370286
1986-08-01,263533.2631486322,403953.0793118024,544372.8954749727,684792.7116381428,825212.527801313,965632.3439644831,1106052.1601276535,1246471.9762908234,1386891.792453994,1527311.608617164,1667731.424780334
1986-09-01,262405.1466413759,418242.55990149215,574079.9731616083,729917.3864217246,885754.7996818408,1041592.212941957,1197429.6262020732,1353267.0394621894,1509104.4527223057,1664941.8659824221,1820779.279242538
1986-10-01,261255.85075722047,404925.2962795586,548594.7418018967,692264.1873242349,835933.632846573,979603.0783689112,1123272.5238912494,1266941.9694135874,1410611.4149359255,1554280.8604582637,1697950.3059806018
1986-11-01,260266.9352946472,409569.1592407493,558871.3831868514,708173.6071329536,857475.8310790557,1006778.0550251576,1156080.27897126,1305382.5029173621,1454684.7268634639,1603986.9508095663,1753289.1747556683
1986-12-01,259075.5452037374,416809.83945135423,574544.1336989712,732278.427946588,890012.722194205,1047747.0164418218,1205481.3106894388,1363215.6049370556,1520949.8991846726,1678684.193432289,1836418.4876799062
1987-01-01,258095.1756839468,398209.24930328736,538323.3229226279,678437.3965419685,818551.4701613091,958665.5437806495,1098779.61739999,1238893.6910193309,1379007.7646386712,1519121.8382580117,1659235.9118773523
1987-02-01,257092.9142230611,395375.8450232287,533658.7758233963,671941.7066235639,810224.6374237316,948507.5682238991,1086790.4990240668,1225073.4298242345,1363356.3606244018,1501639.2914245697,1639922.222224737
1987-03-01,255966.99721043897,391310.7545578759,526654.5119053129,661998.2692527499,797342.0266001868,932685.7839476238,1068029.541295061,1203373.2986424977,1338717.0559899346,1474060.8133373717,1609404.5706848085
1987-04-01,254973.09907312214,394965.4528499528,534957.8066267835,674950.1604036142,814942.5141804448,954934.8679572754,1094927.2217341063,1234919.5755109368,1374911.9292877675,1514904.2830645982,1654896.6368414287
1987-05-01,254160.27389177712,395287.87958427303,536415.485276769,677543.0909692649,818670.6966617608,959798.3023542566,1100925.9080467527,1242053.5137392485,1383181.1194317446,1524308.7251242404,1665436.3308167362
1987-06-01,253097.90013546209,388684.0330674735,524270.16599948483,659856.2989314962,795442.4318635077,931028.564795519,1066614.6977275305,1202200.830659542,1337786.9635915533,1473373.0965235648,1608959.229455576
1987-07-01,252115.33811025025,384174.55544303736,516233.7727758246,648292.9901086118,780352.2074413988,912411.4247741858,1044470.6421069732,1176529.8594397602,1308589.076772547,1440648.2941053344,1572707.5114381216
1987-08-01,251161.78154130472,377690.3597790394,504218.93801677413,630747.5162545089,757276.0944922436,883804.6727299783,1010333.2509677131,1136861.8292054478,1263390.4074431823,1389918.985680917,1516447.5639186518
1987-09-01,250261.64972094787,384178.1547261448,518094.6597313417,652011.1647365385,785927.6697417353,919844.1747469322,1053760.6797521291,1187677.184757326,1321593.689762523,1455510.1947677198,1589426.6997729167
1987-10-01,248992.92763985717,434244.5491269475,619496.1706140378,804747.7921011283,989999.4135882183,1175251.0350753088,1360502.6565623994,1545754.2780494895,1731005.8995365796,1916257.52102367,2101509.14251076
1987-11-01,248322.9915116788,457723.05385431234,667123.116196946,876523.1785395796,1085923.240882213,1295323.3032248467,1504723.3655674804,1714123.4279101142,1923523.4902527474,2132923.5525953807,2342323.6149380147
1987-12-01,247580.916629185,443815.3010888109,640049.6855484368,836284.0700080626,1032518.4544676887,1228752.8389273144,1424987.2233869405,1621221.6078465662,1817455.9923061922,2013690.3767658179,2209924.761225444
1988-01-01,247136.55961459494,445931.9448147787,644727.3300149625,843522.7152151464,1042318.1004153299,1241113.4856155138,1439908.8708156978,1638704.2560158814,1837499.6412160648,2036295.0264162489,2235090.4116164325
1988-02-01,246275.54233542818,426550.7458787907,606825.9494221531,787101.1529655155,967376.3565088778,1147651.56005224,1327926.7635956027,1508201.9671389651,1688477.1706823276,1868752.3742256896,2049027.577769052
1988-03-01,245490.91296916603,424988.9048648349,604486.8967605038,783984.8886561726,963482.8805518413,1142980.8724475102,1322478.864343179,1501976.856238848,1681474.8481345165,1860972.8400301854,2040470.8319258543
1988-04-01,244708.9391273376,423032.9340928332,601356.9290583287,779680.9240238243,958004.9189893198,1136328.9139548154,1314652.908920311,1492976.9038858067,1671300.8988513022,1849624.8938167978,2027948.8887822933
1988-05-01,243808.1102796894,427401.3073989868,610994.5045182843,794587.7016375819,978180.8987568791,1161774.0958761766,1345367.2929954743,1528960.4901147718,1712553.687234069,1896146.8843533667,2079740.081472664
1988-06-01,242958.942814291,417470.15824939474,591981.3736844984,766492.589119602,941003.8045547056,1115515.0199898093,1290026.235424913,1464537.4508600167,1639048.6662951205,1813559.8817302238,1988071.0971653275
1988-07-01,242112.90132603116,424920.58016683935,607728.2590076476,790535.9378484559,973343.6166892641,1156151.2955300722,1338958.9743708805,1521766.6532116889,1704574.332052497,1887382.010893305,2070189.6897341132
1988-08-01,241077.92222701327,437459.8028593195,633841.6834916257,830223.564123932,1026605.4447562383,1222987.3253885445,1419369.2060208507,1615751.0866531571,1812132.9672854631,2008514.8479177693,2204896.7285500756
1988-09-01,239951.83771651157,428554.2688472018,617156.699977892,805759.131108582,994361.5622392722,1182963.9933699623,1371566.4245006526,1560168.8556313426,1748771.2867620327,1937373.717892723,2125976.149023413
1988-10-01,238950.1502913954,408371.27246440435,577792.3946374134,747213.5168104224,916634.6389834313,1086055.7611564402,1255476.8833294495,1424898.0055024584,1594319.1276754672,1763740.2498484761,1933161.3720214851
1988-11-01,238023.52646109165,414597.38154160394,591171.2366221162,767745.0917026286,944318.9467831408,1120892.8018636531,1297466.6569441655,1474040.5120246776,1650614.36710519,1827188.2221857023,2003762.0772662144
1988-12-01,236982.7796495755,391152.48198371683,545322.1843178581,699491.8866519994,853661.5889861407,1007831.291320282,1162000.9936544234,1316170.6959885648,1470340.398322706,1624510.1006568472,1778679.8029909886
1989-01-01,236181.44553638922,393701.03593750735,551220.6263386254,708740.2167397436,866259.8071408619,1023779.3975419798,1181298.9879430982,1338818.578344216,1496338.1687453345,1653857.7591464524,1811377.3495475706
1989-02-01,235172.02279927928,402403.64488723903,569635.2669751989,736866.8890631585,904098.5111511183,1071330.1332390779,1238561.7553270378,1405793.3774149974,1573024.9995029573,1740256.6215909168,1907488.2436788767
1989-03-01,234050.70988635943,399622.0514585934,565193.3930308274,730764.7346030613,896336.0761752952,1061907.417747529,1227478.7593197632,1393050.100891997,1558621.442464231,1724192.784036465,1889764.125608699
1989-04-01,232981.2420553496,397148.0070194152,561314.7719834808,725481.5369475464,889648.301911612,1053815.0668756773,1217981.8318397433,1382148.5968038088,1546315.3617678743,1710482.1267319398,1874648.8916960054
1989-05-01,231640.54237887255,376522.9905973323,521405.4388157921,666287.8870342519,811170.3352527115,956052.7834711714,1100935.2316896312,1245817.6799080907,1390700.1281265507,1535582.5763450104,1680465.0245634702
1989-06-01,230421.5026860838,388598.3468655203,546775.1910449568,704952.0352243932,863128.8794038298,1021305.7235832661,1179482.5677627027,1337659.411942139,1495836.2561215756,1654013.1003010122,1812189.9444804485
1989-07-01,229254.5218879715,376696.42617786105,524138.3304677506,671580.2347576403,819022.1390475298,966464.0433374192,1113905.947627309,1261347.8519171984,1408789.756207088,1556231.6604969776,1703673.564786867
1989-08-01,227934.61298688903,367904.75808816694,507874.9031894449,647845.0482907229,787815.1933920007,927785.3384932786,1067755.4835945568,1207725.6286958344,1347695.7737971125,1487665.9188983901,1627636.0639996682
1989-09-01,226870.2387384657,369716.849604559,512563.46047065227,655410.0713367456,798256.6822028388,941103.2930689321,1083949.9039350257,1226796.514801119,1369643.125667212,1512489.7365333054,1655336.3473993987
1989-10-01,225675.94765253612,377496.1519506306,529316.3562487251,681136.5605468196,832956.7648449141,984776.9691430085,1136597.173441103,1288417.3777391976,1440237.582037292,1592057.7863353866,1743877.990633481
1989-11-01,224398.40976235893,380220.5094584672,536042.6091545754,691864.7088506838,847686.808546792,1003508.9082429002,1159331.0079390085,1315153.1076351167,1470975.207331225,1626797.3070273332,1782619.4067234416
1989-12-01,223350.13173245825,381238.4834731622,539126.8352138662,697015.1869545704,854903.5386952742,1012791.8904359781,1170680.2421766825,1328568.5939173864,1486456.9456580903,1644345.2973987942,1802233.6491394981
1990-01-01,222372.9610258629,394443.53340116004,566514.1057764572,738584.6781517544,910655.2505270514,1082725.8229023486,1254796.395277646,1426866.967652943,1598937.54002824,1771008.1124035374,1943078.6847788345
1990-02-01,221377.95423992645,374975.18353725295,528572.4128345794,682169.6421319059,835766.8714292323,989364.1007265588,1142961.3300238855,1296558.559321212,1450155.788618538,1603753.0179158645,1757350.247213191
1990-03-01,220234.10948431498,346986.0805459787,473738.0516076423,600490.022669306,727241.9937309697,853993.9647926333,980745.9358542971,1107497.9069159606,1234249.8779776243,1361001.8490392878,1487753.8201009517
1990-04-01,218724.90762172543,370497.5765877641,522270.2455538027,674042.9145198413,825815.5834858799,977588.2524519187,1129360.9214179572,1281133.5903839958,1432906.2593500344,1584678.9283160733,1736451.5972821116
1990-05-01,217269.3485423985,363569.6885860099,509870.02862962126,656170.3686732326,802470.7087168439,948771.0487604552,1095071.3888040667,1241371.728847678,1387672.0688912894,1533972.4089349008,1680272.748978512
1990-06-01,215930.71199170515,367293.9858400918,518657.2596884783,670020.533536865,821383.8073852516,972747.0812336381,1124110.3550820248,1275473.6289304113,1426836.902778798,1578200.1766271845,1729563.450475571
1990-07-01,214493.7475793646,378362.2464783774,542230.7453773901,706099.2442764028,869967.7431754156,1033836.2420744282,1197704.7409734412,1361573.2398724537,1525441.7387714663,1689310.2376704793,1853178.7365694917
1990-08-01,213108.6796683122,412095.6109250005,611082.542181689,810069.4734383773,1009056.4046950656,1208043.3359517537,1407030.2672084423,1606017.1984651305,1805004.129721819,2003991.0609785072,2202977.9922351954
1990-09-01,211858.83751121137,415353.8608525927,618848.884193974,822343.9075353553,1025838.9308767366,1229333.954218118,1432828.9775594994,1636324.0009008804,1839819.024242262,2043314.047583643,2246809.0709250243
1990-10-01,210448.97039626766,412196.71442153316,613944.4584467986,815692.2024720643,1017439.9464973296,1219187.690522595,1420935.4345478609,1622683.178573126,1824430.9225983915,2026178.666623657,2227926.4106489224
1990-11-01,209277.1356202722,422685.93921273237,636094.7428051926,849503.5463976528,1062912.349990113,1276321.1535825732,1489729.9571750334,1703138.7607674936,1916547.5643599539,2129956.367952414,2343365.171544874
1990-12-01,208049.76474536204,425173.88932890416,642298.0139124463,859422.1384959883,1076546.2630795306,1293670.3876630724,1510794.5122466148,1727918.636830157,1945042.7614136988,2162166.885997241,2379291.0105807832
1991-01-01,206973.50253219428,412264.6996483672,617555.8967645401,822847.0938807131,1028138.2909968859,1233429.488113059,1438720.6852292318,1644011.8823454047,1849303.0794615776,2054594.2765777505,2259885.4736939236
1991-02-01,205984.77560927015,401174.1921232688,596363.6086372675,791553.0251512661,986742.4416652648,1181931.8581792635,1377121.2746932623,1572310.6912072608,1767500.1077212596,1962689.524235258,2157878.940749257
1991-03-01,205082.4129921048,400508.57549221633,595934.7379923278,791360.9004924393,986787.0629925507,1182213.225492662,1377639.387992774,1573065.550492885,1768491.7129929967,1963917.875493108,2159344.037993219
1991-04-01,204001.20659713977,409659.09769541887,615316.9887936979,820974.8798919771,1026632.7709902562,1232290.6620885353,1437948.5531868145,1643606.4442850936,1849264.3353833724,2054922.2264816517,2260580.117579931
1991-05-01,203046.88623185005,400485.58164138114,597924.2770509123,795362.9724604434,992801.6678699745,1190240.3632795054,1387679.0586890366,1585117.7540985676,1782556.4495080987,1979995.1449176294,2177433.8403271604
1991-06-01,202197.6560763294,416277.7990937622,630357.942111195,844438.0851286277,1058518.2281460606,1272598.3711634933,1486678.5141809261,1700758.6571983588,1914838.8002157914,2128918.943233224,2342999.086250657
1991-07-01,201211.71865492075,407806.4136858682,614401.1087168158,820995.8037477632,1027590.4987787107,1234185.1938096583,1440779.8888406057,1647374.5838715534,1853969.2789025009,2060563.973933448,2267158.6689643958
1991-08-01,200290.38289361002,407330.14532734215,614369.9077610741,821409.6701948062,1028449.4326285383,1235489.1950622704,1442528.9574960025,1649568.7199297347,1856608.4823634664,2063648.2447971986,2270688.0072309305
1991-09-01,199373.26587060507,398994.7270768863,598616.1882831675,798237.6494894486,997859.11069573,1197480.571902011,1397102.0331082924,1596723.4943145737,1796344.9555208548,1995966.416727136,2195587.877933417
1991-10-01,198539.40038897164,408864.9268961766,619190.4534033815,829515.9799105864,1039841.5064177915,1250167.0329249962,1460492.5594322013,1670818.0859394062,1881143.6124466113,2091469.138953816,2301794.665461021
1991-11-01,197768.10478032834,413507.0765818193,629246.0483833102,844985.0201848012,1060723.991986292,1276462.9637877827,1492201.935589274,1707940.9073907644,1923679.8791922557,2139418.850993746,2355157.8227952374
1991-12-01,197039.13288583988,395933.16405952314,594827.1952332064,793721.2264068897,992615.257580573,1191509.2887542562,1390403.3199279397,1589297.351101623,1788191.382275306,1987085.4134489896,2185979.4446226726
1992-01-01,196371.46988822016,382380.75005066826,568390.0302131163,754399.3103755645,940408.5905380124,1126417.8707004606,1312427.1508629087,1498436.4310253565,1684445.7111878046,1870454.9913502529,2056464.2715127007
1992-02-01,195823.1650261468,374502.18298704934,553181.2009479518,731860.2189088544,910539.2368697568,1089218.2548306594,1267897.2727915621,1446576.2907524644,1625255.308713367,1803934.3266742695,1982613.3446351718
1992-03-01,195159.62231029177,384843.97082242277,574528.3193345538,764212.6678466848,953897.0163588157,1143581.3648709469,1333265.7133830779,1522950.061895209,1712634.41040734,1902318.758919471,2092003.1074316017
1992-04-01,194537.10357883957,361962.9529312693,529388.802283699,696814.6516361289,864240.5009885586,1031666.3503409881,1199092.199693418,1366518.0490458477,1533943.8983982773,1701369.747750707,1868795.5971031368
1992-05-01,194052.11877733655,359872.82962301857,525693.5404687006,691514.2513143828,857334.9621600647,1023155.6730057468,1188976.383851429,1354797.0946971108,1520617.805542793,1686438.5163884747,1852259.227234157
1992-06-01,193549.19263218003,347454.89258345636,501360.5925347327,655266.2924860091,809171.9924372854,963077.6923885616,1116983.392339838,1270889.0922911146,1424794.7922423908,1578700.492193667,1732606.1921449434
1992-07-01,193105.40523007233,356310.25424370926,519515.10325734614,682719.952270983,845924.80128462,1009129.6502982568,1172334.4993118937,1335539.3483255305,1498744.1973391676,1661949.0463528042,1825153.8953664412
1992-08-01,192970.581986844,353466.4729005753,513962.3638143067,674458.254728038,834954.1456417693,995450.0365555005,1155945.927469232,1316441.8183829633,1476937.7092966947,1637433.6002104257,1797929.491124157
1992-09-01,192835.85287514358,334559.55617178866,476283.2594684337,618006.9627650788,759730.6660617238,901454.3693583688,1043178.0726550141,1184901.775951659,1326625.4792483042,1468349.182544949,1610072.885841594
1992-10-01,192835.85287514344,345420.59104615677,498005.3292171702,650590.0673881834,803174.8055591969,955759.5437302102,1108344.2819012236,1260929.020072237,1413513.7582432502,1566098.4964142635,1718683.2345852768
1992-11-01,192951.28888404812,346463.114711921,499974.94053979387,653486.7663676669,806998.5921955396,960510.4180234126,1114022.2438512857,1267534.0696791585,1421045.8955070311,1574557.721334904,1728069.547162777
1992-12-01,193047.49515094273,333208.54855888395,473369.60196682514,613530.6553747663,753691.7087827076,893852.7621906486,1034013.8155985901,1174174.869006531,1314335.9224144723,1454496.9758224133,1594658.0292303546
1993-01-01,193278.62055669058,342559.5196778491,491840.41879900754,641121.3179201662,790402.2170413246,939683.116162483,1088964.0152836416,1238244.9144048,1387525.8135259585,1536806.7126471167,1686087.6117682753
1993-02-01,193510.04576589857,338449.2403148663,483388.4348638339,628327.6294128017,773266.8239617693,918206.0185107369,1063145.2130597048,1208084.4076086723,1353023.60215764,1497962.7967066076,1642901.9912555753
1993-03-01,193722.37599067914,339072.8065993948,484423.2372081105,629773.6678168263,775124.0984255418,920474.5290342575,1065824.9596429733,1211175.390251689,1356525.8208604045,1501876.2514691202,1647226.6820778358
1993-04-01,193934.96040168242,345670.67321983195,497406.3860379815,649142.098856131,800877.8116742806,952613.5244924302,1104349.2373105795,1256084.9501287292,1407820.6629468787,1559556.3757650282,1711292.0885831777
1993-05-01,194205.87333778525,341914.6753167075,489623.4772956298,637332.2792745521,785041.0812534742,932749.8832323964,1080458.685211319,1228167.487190241,1375876.2891691634,1523585.0911480854,1671293.8931270076
1993-06-01,194496.4556919069,352664.3789139172,510832.30213592754,669000.225357938,827168.1485799481,985336.0718019584,1143503.9950239689,1301671.9182459791,1459839.8414679894,1618007.7646899996,1776175.68791201
1993-07-01,194903.9203337194,359716.2027837899,524528.4852338604,689340.7676839309,854153.0501340014,1018965.3325840718,1183777.6150341425,1348589.8974842126,1513402.1799342835,1678214.4623843536,1843026.7448344242
1993-08-01,195292.7560850088,349642.9585959734,503993.1611069381,658343.3636179029,812693.5661288673,967043.7686398322,1121393.9711507966,1275744.1736617615,1430094.376172726,1584444.5786836906,1738794.7811946552
1993-09-01,195623.89281485588,341363.3441262716,487102.7954376873,632842.2467491031,778581.6980605187,924321.1493719344,1070060.60068335,1215800.0519947659,1361539.5033061816,1507278.9546175972,1653018.405929013
1993-10-01,196111.87897733523,334776.71554340655,473441.552109478,612106.3886755493,750771.2252416207,889436.061807692,1028100.8983737633,1166765.7349398348,1305430.5715059063,1444095.4080719773,1582760.2446380488
1993-11-01,196483.56233898815,352711.7561598073,508939.9499806264,665168.1438014457,821396.3376222647,977624.5314430838,1133852.7252639032,1290080.9190847222,1446309.1129055414,1602537.3067263605,1758765.5005471795
1993-12-01,196875.62771330532,358934.07190860936,520992.5161039133,683050.9602992175,845109.4044945213,1007167.8486898254,1169226.2928851296,1331284.7370804334,1493343.1812757375,1655401.625471041,1817460.0696663454
1994-01-01,197307.67397861127,355938.96927492594,514570.26457124064,673201.5598675553,831832.8551638698,990464.1504601844,1149095.4457564992,1307726.7410528138,1466358.0363491285,1624989.3316454429,1783620.6269417577
1994-02-01,197721.1517905612,370611.4776683207,543501.8035460802,716392.1294238397,889282.4553015993,1062172.7811793587,1235063.1070571183,1407953.432934878,1580843.7588126373,1753734.0846903967,1926624.4105681563
1994-03-01,198036.65377806005,386614.32782146655,575192.0018648731,763769.6759082795,952347.3499516859,1140925.0239950924,1329502.6980384989,1518080.3720819054,1706658.0461253119,1895235.7201687181,2083813.3942121246
1994-04-01,198431.660567285,376380.4701751485,554329.279783012,732278.0893908755,910226.8989987391,1088175.7086066024,1266124.518214466,1444073.3278223297,1622022.1374301931,1799970.9470380563,1977919.75664592
1994-05-01,198669.0190129397,384180.3657774462,569691.7125419526,755203.0593064593,940714.4060709657,1126225.752835472,1311737.099599979,1497248.4463644852,1682759.7931289915,1868271.139893498,2053782.4866580046
1994-06-01,198867.07406130267,396900.4760907363,594933.8781201699,792967.2801496036,991000.6821790371,1189034.0842084708,1387067.4862379045,1585100.8882673383,1783134.2902967716,1981167.692326205,2179201.0943556386
1994-07-01,199204.20412303403,394181.33488739206,589158.4656517501,784135.596416108,979112.727180466,1174089.857944824,1369066.988709182,1564044.1194735402,1759021.2502378982,1953998.381002256,2148975.511766614
1994-08-01,199422.52097521612,389622.4474782652,579822.3739813142,770022.3004843635,960222.2269874124,1150422.1534904616,1340622.0799935109,1530822.00649656,1721021.9329996086,1911221.859502658,2101421.786005707
1994-09-01,199482.12718851966,398309.7252423287,597137.3232961377,795964.9213499469,994792.5194037558,1193620.117457565,1392447.715511374,1591275.313565183,1790102.9116189918,1988930.5096728012,2187758.1077266103
1994-10-01,199501.9998849919,393295.3154051407,587088.6309252895,780881.9464454382,974675.261965587,1168468.5774857358,1362261.8930058845,1556055.2085260334,1749848.5240461822,1943641.8395663307,2137435.1550864796
1994-11-01,199561.62985407168,416755.6056762144,633949.581498357,851143.5573204997,1068337.5331426421,1285531.508964785,1502725.4847869277,1719919.4606090703,1937113.436431213,2154307.4122533556,2371501.388075498
1994-12-01,199422.5486703822,407032.05581809056,614641.5629657989,822251.0701135073,1029860.5772612155,1237470.0844089238,1445079.5915566324,1652689.0987043404,1860298.6058520488,2067908.112999757,2275517.6201474653
1995-01-01,199323.25443184894,409057.4843306853,618791.7142295216,828525.944128358,1038260.1740271943,1247994.4039260305,1457728.6338248672,1667462.8637237032,1877197.0936225397,2086931.323521376,2296665.553420212
1995-02-01,199184.28403533253,395377.1610478376,591570.0380603427,787762.9150728477,983955.7920853528,1180148.6690978578,1376341.546110363,1572534.423122868,1768727.3001353731,1964920.1771478783,2161113.054160383
1995-03-01,198946.3573572093,376846.72545818385,554747.0935591584,732647.461660133,910547.8297611075,1088448.197862082,1266348.5659630566,1444248.9340640313,1622149.3021650058,1800049.6702659798,1977950.0383669545
1995-04-01,198768.09001190757,370822.83470929874,542877.57940669,714932.3241040811,886987.0688014723,1059041.8134988635,1231096.5581962548,1403151.3028936458,1575206.0475910371,1747260.792288428,1919315.5369858192
1995-05-01,198451.76920027114,376104.60635291506,553757.4435055589,731410.2806582027,909063.1178108467,1086715.9549634904,1264368.7921161342,1442021.6292687783,1619674.4664214223,1797327.3035740657,1974980.1407267095
1995-06-01,198194.98876834082,379720.4950319755,561246.0012956101,742771.5075592449,924297.0138228795,1105822.520086514,1287348.026350149,1468873.5326137836,1650399.038877418,1831924.5451410527,2013450.0514046873
1995-07-01,197977.9509508747,375968.37519116316,553958.7994314516,731949.2236717402,909939.6479120285,1087930.072152317,1265920.4963926056,1443910.920632894,1621901.3448731825,1799891.769113471,1977882.1933537594
1995-08-01,197800.60432416428,378158.2570224361,558515.9097207079,738873.56241898,919231.2151172517,1099588.8678155234,1279946.5205137953,1460304.1732120672,1640661.8259103394,1821019.478608611,2001377.1313068827
1995-09-01,197603.65062076473,377846.018056183,558088.3854916013,738330.7529270197,918573.1203624378,1098815.4877978563,1279057.8552332746,1459300.222668693,1639542.5901041112,1819784.9575395293,2000027.3249749476
1995-10-01,197406.9713626571,384479.9324364628,571552.8935102684,758625.8545840741,945698.8156578797,1132771.7767316853,1319844.737805491,1506917.698879297,1693990.6599531025,1881063.621026908,2068136.5821007136
1995-11-01,197171.0737669239,375926.127176808,554681.1805866922,733436.2339965763,912191.2874064604,1090946.3408163444,1269701.3942262286,1448456.4476361128,1627211.5010459966,1805966.5544558808,1984721.607865765
1995-12-01,196876.7592971752,372631.2840514124,548385.8088056496,724140.3335598869,899894.858314124,1075649.383068361,1251403.9078225985,1427158.4325768356,1602912.957331073,1778667.4820853102,1954422.006839547
1996-01-01,196621.91533910832,369813.53815231106,543005.1609655139,716196.7837787166,889388.4065919194,1062580.0294051222,1235771.6522183248,1408963.2750315277,1582154.8978447304,1755346.5206579329,1928538.1434711358
1996-02-01,196406.47146335093,364671.2661174724,532936.0607715938,701200.8554257153,869465.6500798366,1037730.4447339581,1205995.2393880798,1374260.0340422012,1542524.8286963224,1710789.623350444,1879054.4180045654
1996-03-01,196210.82800138928,353309.6756832184,510408.52336504764,667507.3710468768,824606.2187287059,981705.066410535,1138803.9140923643,1295902.7617741933,1453001.6094560225,1610100.4571378517,1767199.3048196808
1996-04-01,195878.7969366849,366301.04148245614,536723.2860282273,707145.5305739987,877567.7751197697,1047990.0196655411,1218412.2642113124,1388834.5087570837,1559256.7533028547,1729678.9978486262,1900101.2423943973
