Month,Austria,Australia,Belgium,Canada,Denmark,Finland,France,Germany,HongKong,Ireland,Italy,Japan,Netherlands,New Zealand,Norway,Singapore,Spain,Sweden,Switzerland,UK
1992-01,-0.170967691324035,0.3156476920789042,0.028032909941808626,0.10996838704617695,0.11229886715218451,-0.19212429384710583,0.09375429195656038,-0.0009562403593054158,0.42985874603504826,0.093261900097797,-0.050360568948785045,0.049327071363920894,0.10042538638631604,0.18934704517843226,-0.2244508387671036,0.18992854572638107,0.09708586073826031,0.12298012710092943,0.05047584633485469,0.09538668047939947
1992-02,-0.16418416010852133,0.25437609956208673,0.1097876353745213,0.10863921624041373,0.13541129166535004,-0.19031106536971687,0.13259692647759524,0.04922627753886366,0.3772259087576846,0.20332329584185937,0.01915844335812822,0.05044792956794075,0.1691339178339477,0.05912170363131164,-0.06171320136215941,0.21104680944082665,0.10456226736950502,0.025125462836296242,0.07635061991552305,0.15113101038769705
1992-03,-0.2390190059464271,0.13453199619175327,0.010672636816039471,0.04777396933308853,0.026188981634697184,-0.19127295481047313,0.05079419670802099,-0.0026498184294505567,0.3432929856489173,0.021575606076772447,-0.07972520891083845,-0.11312020702935921,0.09824385594790797,-0.05108552248848086,-0.1353543439777447,0.10263315491862324,-0.004048866640913862,-0.062341942196955547,0.027556058479352608,0.055123597408529124
1992-04,-0.11376567036449903,0.11878081349551084,0.07986873715046383,0.036581814524399014,0.06371869543759678,-0.2445638266576602,0.1704679802219895,0.16317822267781046,0.37213709156403896,0.021999936546586607,-0.01933841405086656,-0.1352992205287834,0.1420419888537754,0.041638354121146914,-0.1718031069950764,0.07742948791029147,0.06123420312135597,-0.051069657370763855,0.07511024755219342,0.09387326966945464
1992-05,-0.17937114943576515,0.0425591455576515,0.07143482978048832,-0.023139795927984874,0.010381909148940771,-0.28708941675976374,0.187861193973889,0.09550239881291978,0.4329504575358112,0.05395441717454541,-0.07093125369684705,-0.25002506970604255,0.1003940509154142,-0.09977171295577802,-0.07940913531303406,0.017883713718331862,0.04610481294352331,0.05054823653792573,0.04643780910502904,0.030828015524659413
1992-06,-0.18672991154657637,0.12669435342561375,0.12338720468988984,-0.06845902414544647,-0.0008799921860199733,-0.2514550933598275,0.23525273101334077,0.06209255487087839,0.49670752671119844,0.10041839606853564,-0.10516620222198025,-0.2921379940302725,0.16559434553992736,-0.11253099165769598,-0.0887254596558179,0.033977937115429624,0.005238134934932637,-0.01218895370036066,0.049531033489022436,0.1750896176162231
1992-07,-0.07276218562505432,0.13282981772644598,0.22431560485993418,-0.04773699019276356,0.11227504268535582,-0.10979479902521905,0.39818607784453053,0.2247428545042458,0.7185759536315297,0.16683418092000935,-0.009055143794258536,-0.1732190100752805,0.2848644646184315,0.0070550351480997975,0.0523976030401061,0.10560797128030752,0.1961613752362279,0.04247729341937512,0.22015292552788068,0.3357607440848138
1992-08,-0.05104242984448104,0.030029103407634317,0.20989927669838804,-0.06078554681374215,-0.0066931893440450585,-0.21635529178909851,0.3295113008858441,0.20545090579104608,0.5787246062306024,0.07462074847007383,-0.06272522463258035,-0.2699682701033428,0.22515684080309684,-0.0190815095976955,-0.0857154213408945,0.08413134468259265,0.11204988097756252,-0.02975767055235934,0.192367150695393,0.15908482381103095
1992-09,-0.1352156645725181,0.021058723367831433,0.2407006972060044,-0.03893683600296671,-0.008687981613662576,-0.23564551498722075,0.20107549219649457,0.13494137746100954,0.5161883509472858,0.07279953894719626,-0.11264846137235807,-0.23549927248171365,0.23278944973896842,0.06469502422549644,-0.13505917746141516,0.12279396177825985,0.009872044921224843,-0.057694532937949905,0.2073849696665664,0.08102816478022756
1992-10,-0.17692278311183574,-0.09247992899390878,0.18995704619134002,-0.03361293255037778,-0.11300644784454617,-0.2731833866728861,0.14249473469974072,0.11183372216423071,0.4626165660487054,0.011749210104542662,-0.11483793911275408,-0.1675969827695366,0.23591988490775595,-0.0021472923967049695,-0.2229081890267144,0.1011665607615364,-0.057382401543698114,-0.10555645223204013,0.22436849276638293,0.03231074292167779
1992-11,0.03724226222735383,-0.18424587740002651,0.20555617006041116,-0.13679151736601813,-0.15823305875440963,-0.3128479618317179,0.17269384895431483,0.08609053010677625,0.41413996285940735,-0.035718364275489356,-0.23212726466937694,-0.23046033837668722,0.2431396149285041,-0.10402959414009494,-0.19670297207130538,0.08396584122310569,-0.15499757504975342,-0.1725728862449546,0.31298709940007896,0.04139296531464609
1992-12,-0.11218610551874164,-0.19719844022995237,0.11478966544024893,-0.09361332443064174,-0.22636674565105053,-0.14576597336225894,0.08838486469453244,-0.005092443502934363,0.5322926490513156,-0.09606701324759348,-0.16084638389134964,-0.21315521794638015,0.10610544086569806,-0.16424096546307565,-0.09723991851869773,0.08143296417224888,-0.17011830092277114,-0.21060071189009255,0.20302145956494289,-0.007557702356133955
1993-01,-0.16082357158548377,-0.2005665019131353,-0.009863443666568106,-0.14034082214208032,-0.26452835571692845,-0.06837710083502069,-0.008844317004463198,-0.07553989122126892,0.39121880353935357,-0.15838447977912917,-0.24706737650239885,-0.2149107160535909,0.01750986676264299,-0.005762129668810068,-0.17857905954338515,0.0567645904018943,-0.18950913895406085,-0.14926327197777256,0.07494779944604657,-0.0649369845251958
1993-02,-0.17776840190392085,-0.10289927765074025,-0.030852965514547526,-0.12553818018787155,-0.2622853802845311,-0.19060466143909938,0.008795061326835274,-0.09889273733064718,0.23430467674194277,-0.1478400335500415,-0.27975236719783614,-0.17744224879556936,0.02907015380710054,0.028807605972784867,-0.22074878130954867,0.022539886320227298,-0.18561332868666613,-0.16689863568403351,0.13757444697961496,-0.02220687799739518
1993-03,-0.2211132513831474,-0.12636811332278275,0.02147845934388415,-0.13206796572430923,-0.11435047195264036,-0.20520526262849803,-0.03784211683924299,-0.09572941588197892,0.19354770899537188,-0.08406513882195144,-0.20006695479519487,-0.1104981547581525,0.04655361096567168,-0.030264584119679472,-0.10236287155739887,0.052465357423675085,-0.1488853156008788,-0.1963295484612324,0.13394798928850649,-0.03103996649295282
1993-04,-0.14378916508806106,-0.045747866702822715,0.04591374450913377,-0.032713671508708964,-0.0955550943178507,-0.1317764617793894,0.044468651823491356,-0.04216410897882872,0.3118965150434998,-0.10890693200436108,-0.13698642255509852,0.0394684371113283,0.08310059818752502,0.09100359737994212,-0.171521370586742,0.11556516116779991,-0.1294914839617769,-0.2046884506614276,0.13245201568786147,0.014301672341273886
1993-05,-0.11075180473940505,-0.04234146738473343,0.12340789482059411,0.011898704924185655,-0.07498517526592763,-0.059684447428137055,0.06925129874773805,-0.0005190702387778412,0.2060419521864616,0.024910253980463537,-0.21445730362293325,0.2968797575557789,0.11721888736296249,0.10572220819639178,-0.11748674585503682,0.08826302800167696,-0.05026542800773637,-0.19117587579402473,0.20154060019932252,-0.043405952363003264
1993-06,-0.14825022261183962,-0.04960288609584884,0.05702666352594976,0.05098882259294757,-0.1294710983175169,0.1140353234904723,0.006693101130472723,-0.06858814604544439,0.13612494373222117,0.06120222624499094,-0.07286394518995776,0.4039846539303622,0.06075797888192325,0.07606327218441811,-0.11873948540383727,0.13779659600097838,-0.13143117900707513,-0.14891805091262544,0.1545674877396932,-0.06924759251243884
1993-07,-0.14523814088433684,-0.011111753886898668,0.03495973564140975,0.06580035922319305,-0.06673109693056778,0.21799943731104943,0.005160688250732903,-0.08276279870749181,0.22911337055770797,0.06675606430078096,0.001847487024823069,0.5954511325597662,0.06956617087738359,0.12136889556328012,-0.06983859487296507,0.19265094978028596,-0.10703523168905427,-0.04893092437633362,0.19832986012356035,-0.035865974682317114
1993-08,-0.0850143487975461,-0.01919338221349487,0.006727098362603545,0.028730843182980914,-0.0708626827777411,0.1871290891911077,0.013977887270475664,-0.0798750753326598,0.23103366016903681,0.047581299813649114,0.03770608249955165,0.5615808598305352,0.04286439908595718,0.11938358621734313,-0.09416780884704257,0.1519420527894917,-0.06540182609256306,-0.09414454838132869,0.1615400687614259,-0.013165037501856602
1993-09,0.007714290104046784,0.16939867288045396,0.038534893106946466,0.03954080817459982,-0.022529529927083902,0.3925911190889835,0.025341519251192546,-0.03887030750675702,0.25801029260517283,0.0355909114422881,0.053517573219342696,0.42664904467177056,0.032197008739729416,0.3398032082531115,0.09205683763044314,0.19886726163221047,-0.1123933271521329,0.009586758685450114,0.15268980741890448,0.005503202883497371
1993-10,0.0552236829348538,0.2726096482913567,0.012962626040291525,0.12842182537433278,0.0795078422529234,0.6737888341033171,0.09508167369603449,0.11106472022477698,0.36352494899305077,0.17613934160172717,0.4385770329424996,0.5085675481146605,0.12343757511912457,0.5282303785935971,0.21887345028921046,0.33924320356194304,0.22619081250759066,0.20923209031052514,0.15875773646717062,0.0844261801709758
1993-11,0.10477213631451354,0.30538012860316566,0.0927217514976586,0.05342966720889497,0.23212339748148425,0.4307549241293134,0.19418734505277002,0.20896323024994223,0.24840717998391026,0.2911315570794508,0.19658168701093914,0.4965028176446282,0.25250806986058816,0.6101880275855858,0.24937091466776717,0.3645982520142719,0.26723703038390423,0.35308810453406947,0.3190993918699039,0.1680893522989637
1993-12,0.27220137925495513,0.4667030615391774,0.1573150397330494,0.213447109546957,0.2740899547903848,0.4800314377566899,0.2176407106065501,0.27811976769964764,0.6377382456804233,0.32021679293922345,0.20943174021541577,0.442526291750583,0.3344277026569782,0.6182751469416863,0.34377597009671934,0.3794723334725163,0.2659136080603288,0.3070663302080212,0.434607939428471,0.17813350541624984
1994-01,0.21321096555324903,0.2662252736305337,0.1901101223284598,0.15099808523035607,0.2676336359762044,0.4797197209416615,0.15745450375230452,0.27890221016533445,0.7050166291707614,0.33054119668523363,0.11424956115103813,0.22831573703875896,0.2979461818069269,0.47815011930611484,0.28749507729980106,0.3756016825719015,0.14997035454154828,0.17058657702326374,0.374021178788958,0.1406278082536645
1994-02,0.30782859545876873,0.44564938192104897,0.20949449174517354,0.2209753986675005,0.19705369820254437,0.6358313663776245,0.2711746415405183,0.3166814611506872,1.1337308912573696,0.3280998366913155,0.156319834171037,0.2600316557893594,0.3370012251829071,0.6804439674000324,0.32612614040064436,0.643846717485077,0.16261556542589894,0.3717635184647816,0.49403861935077575,0.253604054344138
1994-03,0.29757993865184784,0.4605055459949925,0.2724084923641066,0.22132184018797818,0.37368662171551414,1.056962530690448,0.23547276690745145,0.24797405444891507,0.8511583203628432,0.6017723067493947,0.25895855792221,0.4200048966898069,0.37285799687447096,0.7647582658677221,0.5401557964107329,0.5511879720136603,0.34522781700449423,0.5772790159760348,0.668780866162354,0.3317803717593426
1994-04,0.2780889521910248,0.33315710048283553,0.15934177950287687,0.1287455738525458,0.33081334375306737,0.8713961542118311,0.12520393584234712,0.17872203798660014,0.6592247715341899,0.23073053237031993,0.35431750298374354,0.2702798150539818,0.24161958203351852,0.621753175143501,0.39425638478949065,0.5258148019747009,0.20001223110371824,0.4842672362948708,0.4513758033206472,0.1851577424620563
1994-05,0.24826946963838337,0.22627171278784375,0.1752053349458862,0.039574131112825484,0.24726452396587906,0.4495922775687322,0.09254266051740556,0.23914171208152868,0.38302200721958823,0.14739542233916936,0.32033296738747485,0.05110533036764764,0.2135292086999656,0.4071025252034628,0.22565601073799435,0.2886605561694444,0.14496030866353604,0.2611376526781721,0.39772103034703354,0.08020806999269325
1994-06,0.19047469094428093,0.261217595179871,0.24919492960304424,0.020208912230475162,0.24057123205270492,0.4976327152839197,0.14861889220368352,0.3140090976768837,0.26432887470770394,0.179856117980985,0.42159369019703563,0.05344315287982759,0.25445607613063115,0.4543400843593126,0.27094872979548246,0.3611018929977916,0.2140820299478381,0.26932913784913537,0.2835230292650188,0.11621142323590816
1994-07,0.20535869978952337,0.3499405962621507,0.23671936236500324,0.04126002717836119,0.15895305397627135,0.5635902034639573,0.12995086258919342,0.2971011450652865,0.40593476052927135,0.1449427429217549,0.38253479138574664,0.10730127730407069,0.25265738859828524,0.5173915807745355,0.3537344353632119,0.44216533595462937,0.24329956983905587,0.3543115277029496,0.31254249280477153,0.0785516982928709
1994-08,0.22392009197407536,0.1637376495810825,0.21357187755244667,-0.019922540799206412,0.24758306332519364,0.5121895275649366,0.07609090582003386,0.2502000323013034,0.3192213330443665,0.1616877921783808,0.26329268141825946,0.08427960604770202,0.23317708668898085,0.2714010602503605,0.2357513415542618,0.40962121554267217,0.27128080546934275,0.22933616971154036,0.3084080937724105,0.07109578096317515
1994-09,0.08283898563044034,0.17602396702555168,0.26030779086478195,0.006936837518796146,0.24973365661573732,0.4912093100000019,0.08332030358598885,0.18459022119417146,0.3347749858902156,0.16212468115625844,0.16874760591794025,0.01809396743262104,0.1924689708671954,0.19059656214111298,0.268462406477757,0.29072251410815686,0.10547069546095855,0.2060095416191623,0.19792628072991159,0.06001721623294953
1994-10,0.136282400649268,0.2790485666368523,0.26945680326863264,0.12640750387707445,0.10291230747745428,0.6171157715257809,0.09170126042072368,0.20582905680222363,0.3727664368971304,0.23548759830202948,0.18898993429163813,0.08818445060476177,0.21195919522659556,0.3098509193465797,0.29669382619115936,0.27984390274511517,0.12541358623598153,0.1668640424062564,0.19677154168930033,0.14410124827736226
1994-11,0.014170963614259735,0.08972060275113636,0.16636553525502595,0.05213774527667492,0.06626540907817469,0.47864758897791804,0.013010323658864564,0.07637099241179857,0.07679078557779295,0.18116874699737084,0.25340502120097885,0.06853896228824641,0.12016679015241616,0.12519019005416365,0.10377482287616058,0.23417008407844841,0.04444627158281311,0.07795298250898952,0.13527554460918156,0.06396317401805862
1994-12,0.03218896203275734,0.18179984284277184,0.1912746309296971,0.06789283356492049,0.09993580500505983,0.7283075937316157,0.08078030831634275,0.1630777410612656,0.092004299553057,0.1843012051222046,0.3227914318487808,0.310522643120285,0.222635031892646,0.3020267850082572,0.26572230824946486,0.2790670361874219,0.18023001616050216,0.3431539151376213,0.1323703119162838,0.12333138619921735
1995-01,-0.06702875760384508,0.027375166476698132,0.08748765926372037,-0.03783203676980851,-0.00018021174221305447,0.4305226982650463,-0.027485753152211245,0.03255396247496556,-0.2660656729214508,0.09217870425937069,0.09558997168047689,0.20427441712682626,0.10030195538973019,0.1266751600921039,0.16589670094841136,-0.0009460750609193713,0.05606908492928597,0.18544624143953636,0.016323170575598622,-0.005228813451541026
1995-02,-0.07709356006467827,-0.051788857513224706,0.04806274839357316,-0.07285800744337378,-0.05349665508729162,0.18558115180107793,-0.10745008998903027,0.08386293885136586,-0.2604945794539728,-0.018786191339489777,0.01006249803043402,0.04691808593102742,0.06686130331216233,-0.024327737806971617,0.08371985377052993,0.023236302303594192,-0.12359450565785735,-0.028611817613822033,-0.04904623277201303,-0.05389020793030752
1995-03,-0.09782986783467673,-0.06037718381694912,0.03921122307032121,-0.07799855829654889,-0.03815516323881163,0.17609458125592603,-0.115601648941414,0.08254088606968057,-0.2587605895219198,0.07529408628259127,0.08909567476887603,-0.05895229878113517,0.10288547501921408,0.05489792273058858,0.07223052970974475,-0.0012954800919724452,-0.09701167737648886,0.04088303597124021,-0.012194622927342746,-0.006489516091628955
1995-04,-0.022586554983746954,0.05010705239011948,0.08673836070242857,0.00705301996347929,0.018637059638261233,0.24591065200325768,-0.04578072648942022,0.13448863352325136,-0.054098038119952174,0.17859646118928563,-0.14816065734646122,-0.07661453262890583,0.18414592181974077,0.1970868992998338,0.13592167048918347,0.12324137438657834,-0.02905394848666676,0.15265872371542932,0.07307343541649391,0.0700732306909635
1995-05,-0.0019207262171093697,0.0029647682270175224,0.07604474829699237,0.05115014928999084,-0.010041460679198089,0.1254323466948486,0.02442044009425648,0.03614353009071669,-0.02680420333170941,0.12781818415486002,-0.29535544666762314,-0.02885935986637167,0.17156774055610113,0.16962092663154404,0.10595248288423065,0.04213091910633504,-0.08433313119368901,0.031516385277557735,0.15450378234675033,0.08820657255516662
1995-06,0.01885773810085256,0.031822203340554855,0.17450492599932543,0.05674799032171318,0.1176122150964829,0.3568407995393643,0.08888465383479804,0.14825698327242742,-0.11890877138822387,0.22401895979166797,-0.15240517164083311,0.0008178278197399358,0.2515948292956258,0.22970911098205482,0.18752924202083232,0.03824618544672753,0.0021058212216267247,0.15336815194869158,0.17462510113080376,0.18504095278148047
1995-07,-0.00761711157607925,0.06357561505503284,0.2043347634711563,0.17338358852412017,0.10889664670486043,0.41421656627759984,0.14058144327020883,0.15224556945886403,0.07938230062931373,0.24484811125959394,-0.09572407550375994,-0.10628390939433441,0.2722420145419546,0.2789392622871665,0.21790303541206613,0.1286114679066941,0.09306312561088692,0.22718468975985817,0.2168452588094465,0.2017748246286335
1995-08,0.034771611841169614,0.0007449537800561234,0.15393409987117246,0.14422350893980296,0.048257174246429724,0.4364093587137743,0.024218988686649512,0.13554954214163373,-0.020839638687419226,0.2274155578218422,-0.15577195380252185,-0.11288405942897173,0.209653228566546,0.20615107662083276,0.13654955543199776,0.035412390242786085,0.055188809980739606,0.22253053335610384,0.28781029228714994,0.14559684707829756
1995-09,0.01912079218510221,0.05326944709213999,0.17216190676024246,0.10298248890668105,0.2236366751858727,0.46102671250726535,0.05944885419979973,0.15642967501755645,-0.047009975327562015,0.19538391126748977,-0.05121843370352974,-0.05768142993928982,0.2459499424262599,0.17152633835663367,0.1872934655521179,0.015110186512535595,0.12775163289826352,0.31843213505870693,0.24978733305906498,0.13656454605008506
1995-10,-0.010465212433471427,0.1347231673010889,0.16452406774614525,0.07155817871754366,0.15683523087407192,0.4117203048027569,0.06171602487003258,0.17503209122376173,-0.04720685375430966,0.19310835828541562,-0.08634446514709726,-0.06029467987680437,0.21315504367434523,0.1539498562441186,0.2021251263966195,-0.04244553651058758,0.11539429293716608,0.2793044716956745,0.23493887300057037,0.16071905874872194
1995-11,0.017414697873629592,0.12099262627029406,0.15117097812754876,0.08520170443686603,0.15329401509870944,0.32254161383522306,0.0079245945982509,0.11781622266931624,0.0010538399902479956,0.2113415973031001,-0.06473482619598814,-0.10073561834096045,0.18793541452407792,0.09957355094141906,0.1709320324393564,-0.05711572028168521,0.08723870884360663,0.3270231701839126,0.3082991652392073,0.13026606721114642
1995-12,0.008042402806216709,0.1343102039584223,0.17631649097018398,0.13991775676141405,0.1955152562413356,0.28352989956439933,0.04382299778430876,0.1843670503000645,0.1524025564206124,0.2640804519905515,-0.05137247058347727,-0.0847915529691523,0.2481521849304511,0.1860542967141623,0.12782877885556077,0.005995012048991555,0.08990405399296808,0.3419983773016313,0.3981986777712616,0.19533189953744579
1996-01,-0.04270325661450536,0.1337570438082425,0.1698296644320918,0.15647234689002598,0.15196048529877437,0.2109497083895715,0.06933746981715139,0.13743542113757634,0.19152953692240593,0.2588866172240085,-0.12007556109452466,-0.05756711163297079,0.25353162426211373,0.19475456069460484,0.05117612079067224,0.03885132545600811,0.21899746774062545,0.38799730758537,0.3726409382067499,0.20273333544789485
1996-02,0.035354012944957214,0.23364912472194543,0.2668607601028936,0.2300748894808602,0.17216030755931322,0.05441894150972715,0.14995860465837785,0.19288337215781826,0.36633675538367516,0.25863826713183546,-0.096327482437644,0.05804283164134061,0.2844263460716028,0.17629463300149473,0.06942751687543969,0.16036011955920393,0.30244111634220405,0.3318751284818202,0.4638033168024218,0.24652864855024403
1996-03,0.05679361286788942,0.2413892012766683,0.25673173177339326,0.23195519885620142,0.1623575634703327,-0.0841730880614987,0.16947985316672542,0.14342717928228677,0.36179226551894117,0.24584428397917235,0.03444260618857453,0.09340359049178115,0.24721630466952838,0.156743079517508,0.06888338971716346,0.2413759991890807,0.26812969974565193,0.2711879938182533,0.2961713580211782,0.23267420688728624
1996-04,0.0566873917790498,0.2891976805737886,0.19536623584064605,0.17233108021628363,0.19497444069297876,0.07361726148174075,0.07438392273812977,0.18909834930097413,0.3103388232147881,0.24845611685963176,0.1154612611951229,-0.01192427831706,0.2270112092430383,0.13595121511953168,0.12767738001100937,0.2248862068157138,0.38296596131066796,0.4407757605839526,0.2685490358228959,0.17980529799503664
1996-05,0.05129990232781201,0.20165137844147463,0.09047039363655629,0.1733660988274217,0.12066067948085335,-0.05663256892219781,0.09842221266376261,0.13804114753793129,0.34850797393749966,0.24628635630121964,-0.03780130233493917,-0.02916472998258024,0.22171018155333577,0.03667154815543339,0.05573790218116548,0.17953791873352531,0.245478117203759,0.3538517263236922,0.3429285260791519,0.14403972736013015
1996-06,0.006584972465203398,0.2931282762360343,0.10825982411068269,0.17631311569078312,0.06652352023055585,-0.07338848854631108,0.10198606410589273,0.08469019274285827,0.19816796262973058,0.27388620179017376,0.1017718567485364,0.08594226466867294,0.2098139183514296,0.06800244240231978,0.12300068653862861,0.11070105682829845,0.2337497751757045,0.34981359232193077,0.23706617825077925,0.14897576854505368
1996-07,0.03154243993224526,0.29430301677162785,0.11752196969075435,0.17272503081560764,0.08507550703068278,-0.09617941277581477,0.11533599199234246,0.07042071448661669,0.25692204459781043,0.2428009985056172,0.1597538888849579,0.09265614852233028,0.24622972191384718,0.029353644239924703,0.08819650099343823,0.16179727181525272,0.2132459191422016,0.3247623264512942,0.1566007657685342,0.16145841169978392
1996-08,-0.03049523578744895,0.15096269723290057,0.09026003807520588,0.1134607376322283,0.04087400805834274,-0.209167220581719,0.08373032629154764,0.041328219538106614,0.20074060351587564,0.2051549876770975,0.06644651430350623,0.028340220878765976,0.18097588080068894,0.03033820057109682,0.038866041094388626,0.13249479875272052,0.1895867665032529,0.2635644020850987,0.1976533083594436,0.08871617248074348
1996-09,0.02497653605177219,0.07506028416764421,0.1678803708398957,0.08495937439947743,0.11512813908631925,-0.18469598567937628,0.1271211945767634,0.09013024450492702,0.19180855232741134,0.18640383097262592,0.021909939664717548,0.010652218315499562,0.2279904433204203,0.10880660565033784,0.06044746154103997,0.09899395607483652,0.17185012388817023,0.2441766504164442,0.19484649909795304,0.11403773601492806
1996-10,0.019990053698065058,0.13383424314076064,0.14818612148271626,0.13031938017411182,0.14782207026396876,-0.13442570161055,0.11728633025720137,0.10375552084731532,0.1744247185465415,0.19544724110836875,0.03838558769586986,-0.02026209039829363,0.16856965683097447,-0.013992822988461717,0.05222932757578924,0.12182878864320568,0.1919256439388446,0.15776030138980546,0.15678413856409534,0.13336442284829442
1996-11,0.029262690549865633,0.17446475047536047,0.15782028732074926,0.1833156204799964,0.14051401092285287,0.002917822218031496,0.15252745357571973,0.12092209778202712,0.2427947647484363,0.24279882580694045,0.1679518331068861,0.05884464254889199,0.23467530241298773,0.08468387291935864,0.11732713014751761,0.09800017872833822,0.24026336620169952,0.2420321660794198,0.08805989882571441,0.15411664235312972
1996-12,0.06155576789101813,0.18111179921926857,0.1650430497824984,0.24603512526992133,0.1763541858471045,0.0468217628858556,0.18946519523819116,0.13622632479722174,0.29042758136320823,0.2482925337795645,0.1800195075648503,-0.060173169784518366,0.21817764158878217,0.16255861251356873,0.1714203078023091,0.038791643405496234,0.21089272666864733,0.2620040530523604,0.06402926027583522,0.20016675552692198
1997-01,0.04706005493395238,0.21329876854747498,0.13133534356688115,0.3162794157855837,0.17062760525199705,0.3281673867759094,0.20870923922894713,0.14945749015148357,0.36225728838876803,0.28511568567381174,0.19931965204215807,-0.09010281903051098,0.2524212364209244,0.1719117360349831,0.19221204722302532,0.02654311757084371,0.22832477945985463,0.37912529250829885,0.037952618145096206,0.2326384205426375
1997-02,-0.009388942110481246,0.15987870765890988,0.10936340059607352,0.21607995248338985,0.17936532584179865,0.564636803798944,0.17670580964076743,0.12791344838105445,0.19800162342365235,0.25847213241531564,0.14691720365687977,-0.13627781072213863,0.2686832229380367,0.16611994135259156,0.3093454849719779,-0.04690837703248407,0.3604040314045691,0.42287801779342504,0.07773057426699936,0.28186973929587134
1997-03,-0.03428367114871822,0.08536829817332636,0.12908987456689047,0.29575839628614364,0.20692437812951137,0.45372339880967427,0.17301490727765167,0.10145180838241052,0.18260376833056413,0.29345058678310565,0.283838499037266,-0.2184410281184186,0.23060912835897396,0.14075952932356972,0.35351738555757684,-0.026474123049833986,0.2424632052629081,0.3223893593835454,0.06381633426779176,0.22924574663509478
1997-04,-0.02710290262631121,0.12523230189951162,0.1810843939646689,0.259437029890198,0.23023169471952643,0.45954120130616083,0.1477985511804658,0.14547466243446494,0.1879452487656612,0.27993935132778325,0.2047834108150528,-0.22526687066760243,0.23772864891644563,0.07002345614700967,0.27612388701542434,-0.019904316518268406,0.21699876051218658,0.3008734763927954,-0.003760348269607805,0.26471897058608795
1997-05,-0.02797113008058616,0.07363188839835222,0.18200919333353638,0.14875996578730133,0.2713674508527608,0.44338817615336534,0.16242162170706975,0.27253831441562526,0.11181318473258939,0.20660628305238338,0.08150716169027183,-0.28672795399668627,0.2666188190093506,0.04796548995488137,0.24269150041682375,-0.1101865835695296,0.22561656141599817,0.3464066425489456,0.09118343476471447,0.24841913616728672
1997-06,-0.11311777298449588,0.11488377922930892,0.17197931759336016,0.1629323893683723,0.22561844317793955,0.29635573472272236,0.12161643703841452,0.20543131449839303,0.09603818716495494,0.14636438655606954,0.07136902210211948,-0.23740358005936057,0.19561946389490403,0.133144124978414,0.16713821976963783,-0.15298411609992402,0.2929029106377363,0.20787508244960207,0.1541449892685829,0.24718819637615352
1997-07,-0.002047133548019109,0.1728413068437682,0.20245218090197414,0.2880391554895314,0.2834215830616742,0.4035912903748038,0.10047695454289807,0.22403619363200122,0.2543548141998928,0.24793952493233307,0.07233761288051421,-0.1441325794272883,0.2764565042004363,0.1374753017580732,0.2374718006189347,-0.08595223444500577,0.3406041709840941,0.27710881679174837,0.18849784060543007,0.31239242384111554
1997-08,-0.006920148562230333,0.2711582132281509,0.21765205046107505,0.3501165416161345,0.2864512002539117,0.4745008057874982,0.2210199080894819,0.27871021890589853,0.3639003215501284,0.3297611946102663,0.2671604948572921,-0.042598108657186606,0.3783448775427276,0.15302714971201548,0.3008794466010625,-0.01876463520412408,0.5134989910174641,0.43684692352530985,0.3117054096192706,0.3303166349931672
1997-09,0.04143094068266939,0.19362368336832825,0.22706875281443284,0.3874868778413101,0.31541863490166167,0.44110176606231244,0.27488475766845544,0.35538021537600883,0.3892014328591611,0.33701929937831987,0.34899127365605964,-0.02979407124292699,0.4898480055119663,0.2563119659865851,0.2947833601579448,-0.05965733032199194,0.39419163812194324,0.3988351001516244,0.28823252081907946,0.3291760377068056
1997-10,0.003795281176016907,0.0960961815437329,0.1282468710870297,0.2720642898220098,0.25589027857651625,0.31878203706580055,0.12830579953301746,0.21195444611726888,0.1314975245480734,0.2761222787800035,0.23212072125613714,-0.14741749272158367,0.28646833663725557,0.034441618784506245,0.2950408235423472,-0.18864952655621148,0.33848950451895155,0.2797625827992769,0.1928224716508362,0.2703353511944253
1997-11,0.06865927687781781,0.1319378672782796,0.186646581202339,0.24168524000537372,0.35428191467739456,0.5239977033921595,0.21650995588365896,0.28685387905548554,0.14879139231728833,0.3101938075924191,0.4932237945007165,-0.10172053556455574,0.3808296954534718,0.04156887204311732,0.37208818428384904,-0.1200823250006422,0.4734163110771341,0.3749760298067304,0.3317475113914139,0.3184715671364109
1997-12,0.0031248433050237168,-0.06340940182033006,0.13298374766807153,0.11206450762020448,0.27743194789206127,0.30258140119877,0.0786265302546929,0.15440359490905564,-0.24520377830629958,0.2491728022747457,0.2762804224943294,-0.18974378424618543,0.23513094998750805,-0.06814017556887308,0.27295494444578616,-0.31198103764491525,0.2514345115793293,0.1603178703522805,0.3005203283656843,0.20115470922481338
1998-01,-0.06011195561274585,-0.0829569479192035,0.13197395823164682,0.10724192534658017,0.24055813047960917,0.19407466841251586,0.08596051040719321,0.1602836014655522,-0.26382118061889637,0.2518916192167766,0.29203383404014804,-0.18870210066047244,0.2026211431825533,-0.10081590001748597,0.10030888124710446,-0.2815855405842642,0.19660739784746628,0.17603504933569525,0.3625380237397058,0.1682368343411076
1998-02,0.02226635308277536,-0.025439061461462353,0.14761667406941492,0.07530023382016493,0.28971389253353563,0.06754870127336376,0.10229796941331903,0.21556320538737728,-0.23355588365643776,0.25710935107936406,0.24872673116050903,-0.14983480535945393,0.23862125374693322,-0.14151933478180867,0.014414195727906698,-0.3407111277450049,0.2599167064453136,0.11749208208759065,0.39698383615050004,0.2439179496666919
1998-03,0.05662739048442078,0.0045590392504970545,0.17018280119599982,0.06543310451920359,0.2959194124655333,0.13712287672256918,0.13589596788727265,0.20014676196778391,-0.3528724237506893,0.27504874754672715,0.5490287181765672,-0.08791381614628047,0.20691653945775346,-0.11791787263205356,-0.01236200384509345,-0.42883058294382415,0.40765088002062866,0.12335789176874745,0.4306394498966222,0.26960071216467996
1998-04,0.12416093945940765,0.029452188904186327,0.21481569043477156,0.2243588961504226,0.28771019681303733,0.3327789112665609,0.19613120984607102,0.1980168545815153,-0.15875488992865472,0.5075269921198535,0.5775024030370384,-0.05454022356041466,0.3019188993044237,-0.08417702623000112,0.0005382292658095977,-0.2331248477603458,0.5230343224110696,0.18559228696742092,0.4787554295058045,0.3465804586094823
1998-05,0.23538700872360185,-0.0046396044741107145,0.30765860517792065,0.2804619166428368,0.4730724812790099,0.4163984273900152,0.38066933041025197,0.31950449091118105,-0.19126357320428256,0.6127934285297034,0.8849171147969424,-0.14157114979608632,0.3661916785518242,-0.1423589336096871,0.14695331226221908,-0.2127395589033424,0.6303065284544314,0.36885863334764046,0.48092009540241687,0.3978812932939728
1998-06,0.2262437097083161,-0.04608067930728954,0.36162063131644073,0.19343793082655503,0.31959875518798997,0.5770265144893225,0.4471134312367895,0.3198853002880675,-0.355719372827924,0.5700743530752239,0.8300570221342454,-0.24711879258984504,0.3231245653199748,-0.17966897333747123,0.14673565341180428,-0.31102729590641864,0.5407242664665259,0.3225894922500012,0.37584035716453923,0.3449210869971071
1998-07,0.3477147948348096,-0.12517679515642588,0.43744327423449114,0.16341063212297646,0.3298282029026256,0.4745681204786538,0.41096237401677316,0.3596172516149252,-0.47111752077344904,0.4363551019520713,0.7578730213527081,-0.32858570232927986,0.32735537837563977,-0.2731717499327443,0.031228180461027932,-0.4280645481273303,0.4487771242260412,0.2546892376155603,0.3358612833028263,0.28645775886446345
1998-08,0.19436431489736927,-0.12139425138485482,0.47294093872021037,0.04544317939699338,0.22858304798560836,0.4341053260351868,0.414005327867216,0.2989189308338909,-0.5352501984941358,0.39011814724161376,0.5729742832039717,-0.30297241331616864,0.22320067966338208,-0.35565816706547904,-0.0224826742544999,-0.4885167551402456,0.5431855835808375,0.21158364851269607,0.2831230292696134,0.23825239089786088
1998-09,0.2954698230198556,-0.058400944518382736,0.6528929991068435,0.021287022371466735,0.32289122658517444,0.7088908479065608,0.5327142026639471,0.4605302806812901,-0.5056810548298623,0.41293467610211465,0.7664374049077647,-0.2421815627200612,0.3781179161378998,-0.257951717281916,-0.014806345354510309,-0.40989146457570214,0.6448683545919778,0.2522772893618759,0.4944592791119071,0.2445829245936577
1998-10,0.027157929522980018,-0.23189298133126013,0.41782588097039053,-0.24664825742260943,0.061967573588421754,0.17273413313896335,0.23775793506061849,0.1514226221731425,-0.5666635946477652,0.13823476431659198,0.32202357498229617,-0.3102453860704155,0.13506249070005882,-0.4279133558820474,-0.36063524193953544,-0.5358671523026968,0.16732592906527444,-0.05623686590304422,0.1560911404450609,0.049551721401861704
1998-11,-0.0067677270607660045,-0.04176398590348873,0.43185809025488897,-0.18372456493679157,0.05701077026807311,0.3043623803489808,0.23643497873840724,0.21729207286418495,-0.2892433272997167,0.24806543812741988,0.32733739937930584,-0.262348897975731,0.10263213382291458,-0.3977338952507149,-0.35277690624348124,-0.3532381560366754,0.2772511659397403,-0.04046015018761551,0.1138690870914374,0.07553396705337434
1998-12,0.1519305424446764,0.0658632606070435,0.5036709749480177,-0.07613501003008893,0.12518812204103646,0.5231004380534539,0.33663740238482,0.23307024708608748,-0.03810978808719723,0.2771417898942583,0.3869827476110015,-0.07860700138761867,0.1821909592761206,-0.2879322407818057,-0.20055036778273017,-0.22718162138680975,0.3776780041026273,-0.011910774107937505,0.22380744710424705,0.1300629736179415
1999-01,0.047854906594299695,0.11280839785605656,0.5087949632766304,-0.06214252679329624,-0.0018057016260164538,0.7359114607773432,0.37949577496927933,0.24774539371323656,-0.0521284735980877,0.29008579452156513,0.42736781648617317,0.028231180357264796,0.23880421988321854,-0.20555415632057128,-0.2592388464149309,-0.05781929586094048,0.4481144636742709,0.10758334285615989,0.21844804663139872,0.135865467088369
1999-02,0.029249743725116018,0.04488413655392187,0.5817521408158632,-0.03226776706261225,0.09070452415106156,0.9208869639886252,0.38002568787621116,0.24495265879153494,0.09908227404567271,0.3490142581047988,0.3807562190244531,-0.028439285281551485,0.3183928813928345,-0.1632843151689184,-0.24983488556253297,0.10278219813884792,0.40273501914229404,0.0740830387914464,0.19648026946980357,0.11744016848101912
1999-03,-0.10094266788787454,0.09185094495401502,0.4214162667209156,-0.04534522966987442,0.037003693322910314,0.7612224465215398,0.3123052580539454,0.1691162050745625,-0.17133044092620198,0.14983798448915286,0.26115485424026974,-0.02689359855235851,0.1077157392879513,-0.11166238256676697,-0.1941120463105631,-0.12700171329584753,0.21067533255448634,0.044568797904444235,0.07181273385189146,0.040116601847342004
1999-04,-0.10660197012148442,0.0650920427273396,0.25229703446892127,-0.16433221838352952,-0.13779321550292778,0.5846802632793711,0.10336511807840987,0.022811922365119086,-0.14532829930637214,0.10805784816915898,0.02425916020421237,0.014552945957320151,0.051011115981106414,-0.06421824772650053,-0.32670963199532366,-0.11264909041538484,0.04620703994568487,-0.05528184741532327,0.0031924876873334895,0.014800966738679033
1999-05,-0.15432856614897306,0.1386063128303232,0.11158294210272834,-0.12282279152000541,-0.12628153631072725,0.5162249066639879,0.08420762591538145,-0.04053592125895644,0.07732208783765193,0.017193964162467434,0.09731465126694805,0.1730544601568047,0.03436568147810193,-0.08116811624897025,-0.29463297215491846,0.01365406773396649,-0.01380189410355781,-0.07830833651005609,0.004702713230821054,0.03645059358366698
1999-06,-0.17383619479701096,0.31002352304899006,0.004686143698207523,-0.01939045873871026,-0.10943672074982402,0.5553690752910538,0.060955498048909984,-0.057055312098146294,0.5312421698618426,0.020492396473036134,0.020996082724182186,0.2930833543886282,0.02360214996558052,0.12263368129400565,-0.1716889868622833,0.5755656506481139,-0.02219922451020051,-0.044666680503755996,-0.04107005620535231,0.11669399240831257
1999-07,-0.2046122377820283,0.2116537150507174,-0.08222909542537249,-0.009525376234837069,-0.12875932220447273,0.412004105716518,0.02297156845036752,-0.13724575140404116,0.5189093559937543,-0.07581268207623004,0.03821848641112746,0.22758802111440013,-0.018944670634280292,0.10276634195600542,-0.16483210761445455,0.7365982497913472,-0.024931601926738933,-0.058012542957020186,-0.07119248585234383,0.04656184865527946
1999-08,-0.1904367018709754,0.27924421272555455,-0.12214367105635437,0.09926744073990879,-0.14437173793434965,0.4539780684310404,0.045521433230029995,-0.11316731128992441,0.815020965381787,-0.10372623444175078,-0.07397532906801585,0.3595493925496118,-0.03636778440716881,0.04940996493061811,-0.18789621747419938,0.9825957913608583,-0.06794658101877471,0.024502858467271516,-0.13506664703687943,0.0697714603548576
1999-09,-0.04198657171117193,0.4681397530059235,-0.034051631066372545,0.4117011514132749,0.013369785239764731,0.8515628287718151,0.18973939870482903,0.04631987361770862,0.905781815038528,0.14458515644189318,0.05056384845939377,0.6804018309570974,0.11071462354141826,0.3421632625930924,0.17759008844168944,1.4215370942436962,0.11425064718247357,0.27174612963831546,0.05611526787112742,0.18363154163144824
1999-10,0.02994161157281172,0.28421657097865216,0.006904579776413344,0.34945827382563666,0.05508311008029265,0.7637188991159094,0.3184390062471556,0.0781740540525151,0.6353173477347931,0.05666120730830615,0.12737498529365632,0.7564016279059473,0.22529310006158632,0.338231829247281,0.2361031353829306,1.0873287763522494,0.1632695621829161,0.40278212238850886,0.1042210418526921,0.1997304684055663
1999-11,-0.10423495869055655,0.19441369854703305,-0.08157377452012693,0.26216511445960244,0.007062294664315072,0.6652507943452344,0.21494542377397474,0.026516301607051096,0.1800315375014725,-0.011941242288306952,0.07931806722289081,0.6063988505355327,0.11113607114967183,0.08491741942720354,0.08573580945851589,0.6297555628092981,-0.0018514734769961017,0.3195932621559201,-0.02638155288635513,0.1102321615084565
1999-12,-0.06241080668361243,0.09531778374304678,-0.11722004758357984,0.2842763908896393,0.06132821255010712,0.7860670551199791,0.19042756511887804,0.027596018504897124,0.22189335381135789,-0.12363484098615063,-0.05469709736830952,0.6473949259689444,0.06345981195384187,0.043524782025315734,0.12391449431466461,0.4855520601314074,-0.06846883081200394,0.3252879534901709,-0.05459023422843168,0.09674886007712491
2000-01,-0.11325560820740121,0.16739690182514688,-0.20980408944952833,0.3159431329472786,0.004545748151826956,0.8070565140869796,0.20494079356949646,0.017373177006067664,0.38962621366809125,-0.15981690634770274,-0.08827895441334899,0.7123043542446881,-0.018927108857595965,0.03654299108574932,0.24235953610369565,0.5708106068516894,-0.04510922454025279,0.46935562698752875,-0.07528992767635123,0.08770679867008724
2000-02,0.0007597962904937194,0.15018604892896614,-0.10667022755254352,0.39859579081760477,0.0920056833117342,1.1982073801766573,0.33279400108199253,0.18392799265183957,0.6614931404838107,-0.13827156652467099,0.1481355367048962,0.7862497919590172,0.15505626100017,0.030738426461107027,0.23891008284626492,0.8222962640454448,0.04717882668262319,0.6103188721561428,-0.02868174731435924,0.16137574926631815
2000-03,-0.12593203318519097,0.1352639482118072,-0.22253125575244437,0.4826009054098437,0.12148415416436031,1.3109837605037193,0.33279400108199253,0.21927292198573234,0.52752307318093,-0.19955958378830285,0.10615191118800782,0.736437722230586,0.03218043238127377,-0.08831186179515094,0.26032233328735543,0.6452616189031406,0.00908203600089208,0.6683303594760535,-0.09036879928086006,0.03711239195834537
2000-04,-0.1688118257540301,0.050539540379061165,-0.19884537111836598,0.4764269095894731,0.19836613529389857,1.223862929392368,0.40776121052736247,0.3711507772464113,0.39636799646999,-0.16751560705614787,0.24917039449483247,0.4803040700767198,0.07722177418328013,-0.1148326904658169,0.1493491194133345,0.43702211664174473,0.19475564965655878,0.9569824036452235,-0.1014896537239639,-0.007834206580405678
2000-05,-0.19033740733975835,-0.05420830124496667,-0.1857439053966714,0.4328492570293858,0.2356862881507773,1.2424461331869363,0.3790926831601451,0.29155651337784594,0.1930078722712507,-0.045563717567448814,0.18675024781108518,0.5217802348153606,0.047933914275114065,-0.1775873790771727,0.08111119477293749,0.11931619683168804,0.12937457356191162,0.7640223582111463,-0.03222163022435365,0.00987120456278201
2000-06,-0.14050090520456082,-0.008648947927583306,-0.16588817553037227,0.43064238375128294,0.16646521120105673,1.4074980797812295,0.3546084364772777,0.25358964114362403,0.17234301792856388,-0.0560383524175726,0.15839700767037157,0.46430950934529625,0.06690703356514738,-0.054533361510455625,0.02763258271623048,0.17464187486135918,0.03725685163907744,0.7645617596049523,-0.01795512798484733,0.025135085997352924
2000-07,-0.14802586360617576,-0.08933375182419967,-0.1323997955456434,0.35114678224077545,0.2293923308850483,0.9464423096614634,0.33947388190670647,0.17125540754269908,-0.04347781515341542,-0.0891240674782785,0.21697362620105265,0.24109648342703394,0.08683337196274854,-0.15783196765631513,0.08287604238147006,-0.1145585227863617,-0.01279398452971181,0.5711918572115733,0.048291558958759584,-0.01832705041137228
2000-08,-0.12284310897749684,0.03066873551570648,-0.07211155770637845,0.4763697829192939,0.1691984988351105,0.8648526456042389,0.3732454697934189,0.1772455826113588,0.06917574395472514,-0.12783629461045154,0.3177230821406474,0.2003826703775926,0.1143521447685576,-0.13713289794569938,0.14561979692706695,-0.006470250779714526,0.0451502704817901,0.4821938545469393,0.047888873254751774,-0.013876335284122243
2000-09,-0.1342358950533209,0.038591947151410455,-0.09819284258665795,0.5137707533989808,0.20489117645944321,0.6769970055540877,0.30058557624830007,0.15667729504708494,0.13429023846167065,-0.16169748106733917,0.2477360227023908,0.04045671194869671,0.05220096163061294,-0.11350386493382514,0.09417380682400478,-0.004466762678846714,-0.020253882839070037,0.42916893279031587,0.0631060877386711,-0.012592577258756399
2000-10,-0.1139559165445907,0.027583592684327973,-0.08316894437230071,0.5827268075065952,0.2435463882639448,0.5567901662929615,0.24921640729056604,0.12383308325361009,0.2586839886641137,-0.12078990947390611,0.22063265519529107,0.03646132699132165,0.08439232955233478,-0.1157888941725308,0.151932685120171,0.06124665770262627,-0.007479358748553655,0.4307521007924,0.049260787056841115,0.02670220793196698
2000-11,-0.12401357118104572,-0.009918691366817667,-0.10473381777844337,0.37925261098767926,0.2150691636980342,0.23560346907581176,0.12320578588267583,0.025501714043531853,0.16454385247277115,0.009263468493377669,0.18484250018184878,-0.07194579842511584,0.0169012188926545,-0.21328217564962937,0.1800727895061014,-0.06422142790552432,-0.017449975892615432,0.14925836145200444,-0.013457213705690085,-0.031299604770990586
2000-12,-0.14066522969084816,-0.11852383819915235,-0.10985956220175486,0.2442348127997429,0.13630708421456972,0.03354146615265918,0.04235286559768414,0.013378750228615122,-0.0032976109635803885,-0.05476747346621369,0.15422464365415234,-0.19611174196017456,0.010073642816313066,-0.2903872806523403,0.1020439496041119,-0.11049180913440737,-0.16065824738016232,-0.01734355624405237,-0.01395236668013966,-0.053278919362005794
2001-01,-0.2059610113485173,-0.1487439698945694,-0.18612901365998724,0.028334708062286218,0.0234096162725832,-0.19847804665712154,-0.12475507677272912,-0.19356604977954028,-0.1090552755796601,-0.0585039396250584,-0.029009956035878748,-0.2554776810769336,-0.08979447158620901,-0.30683048528271895,-0.045436334652231514,-0.22190832051589582,-0.2649444075768145,-0.2331492197806907,-0.008492948020671354,-0.15597288288058708
2001-02,-0.016613252516240906,-0.0766367409726404,0.07332057494418387,0.06883171484954942,0.14041084232802592,-0.13269473651181962,0.01776600847029397,-0.08231348292430885,0.07323816214103673,0.11640888086985668,0.04101188793580901,-0.2797512996043289,0.09214314284829284,-0.2092616841721463,0.10114150769475327,-0.13286905319613862,-0.16292935407131037,-0.19744253876728124,0.20248476153891004,-0.014779782646621609
2001-03,0.05958710466007222,-0.015338154004581495,0.053405767661092396,0.05318829305836603,0.22027585363449664,-0.32466520477573646,-0.04920223818369962,-0.13267789930497875,0.07302988770631136,0.12723493176291512,-0.08920354302266886,-0.2655276222098375,0.029637551946465557,-0.1073960320444114,0.13537785336957753,-0.056879995646127224,-0.20315404381241498,-0.2793539408909246,0.19272532348239046,-0.0019129131617492412
2001-04,0.10691691668525594,-0.05935762764976982,0.07310945559200177,-0.14803659957933646,0.035663062362944586,-0.5324605263832023,-0.15725171656076486,-0.20199739966212582,0.011819885468958846,0.009857340196114617,-0.12434744597566338,-0.3564940722633885,-0.060702640312154,-0.2015539914557244,0.09235750138693555,-0.07162067500482938,-0.21763296885617855,-0.35825789006517605,0.03769093598727524,-0.12365595647475924
2001-05,0.10005682234865643,-0.13493542024384986,0.0063842011195258674,-0.19385898320953054,0.02275440076499491,-0.5426572307955786,-0.19198178938582722,-0.21634214626368908,-0.007353081403428052,0.013740553435717118,-0.12921426222291266,-0.3248015102646187,-0.1168351748344425,-0.20634775501572378,0.0841017223870344,-0.2692039353945177,-0.195978699932725,-0.4760915238640909,-0.028207876176698177,-0.1425442547889747
2001-06,0.10155160983898726,-0.010499757335928117,-0.016922969416871547,-0.11220657522343791,-0.018914083948144422,-0.3436312245531358,-0.13498070123285277,-0.14393418126584911,0.12316834848428382,0.1412679920389961,-0.1077071076726035,-0.21085131847632055,-0.08290042340912285,-0.0752827437525252,0.12052019395437252,-0.12092647301079684,-0.10582547537485021,-0.3883002744240597,-0.05618972674388034,-0.049420033863437296
2001-07,-0.007591976442787529,-0.11482854943733622,-0.14403321667458457,-0.17774187167058064,-0.017064998301384415,-0.400200986342206,-0.2205733138796936,-0.20312340728428324,0.024773550678354406,0.134646187617534,-0.2281936668466379,-0.2634217965577722,-0.16785079577003403,-0.19306893048432971,-0.0074084058458679936,-0.2482594146199787,-0.18286258975232828,-0.4112716970515301,-0.10207002247522778,-0.09269604488064354
2001-08,0.00828012272939982,-0.048965651245193365,-0.13026136930689702,-0.21060305880531272,-0.06508523002772537,-0.438526584422939,-0.24202761148928487,-0.21570147937709871,-0.0699081815623529,0.21423552247211086,-0.23843640511969455,-0.2172715282330172,-0.1602488929389081,-0.16570974798032612,-0.024581270796631194,-0.2010581542781461,-0.20937712388664376,-0.4229212728699474,-0.14337657425474837,-0.12318450661882763
2001-09,0.09934925010309081,-0.09524145155504882,-0.07121651773719728,-0.26733194982904784,-0.08345846057895667,-0.4404240368258109,-0.21605372133471346,-0.17932112158221425,-0.13854024034918255,0.16980353207671217,-0.21907786101191618,-0.3266297934686072,-0.1606699896729673,-0.0727313468992059,-0.08292321732269192,-0.26344480246932156,-0.21708857878689458,-0.4168840344008272,-0.14102894610867445,-0.1419426790974433
2001-10,0.12260066943249459,-0.01940492600899968,-0.018886630645992275,-0.24108569966009286,-0.11984605781023949,-0.5011385179700384,-0.19341900563917835,-0.19495637290347834,-0.15579279838120075,0.08263093663148369,-0.18390118808452505,-0.31811680684335397,-0.13951918675795427,0.0716491507310324,-0.09015020660384565,-0.18356002966146712,-0.20159239170973398,-0.37188601201564175,-0.1039640032721405,-0.12046906258674861
2001-11,0.09276450170403683,-0.08565297010978268,-0.07820741842801349,-0.2618157531051436,-0.18711723585692486,-0.5091621641845063,-0.2864004426998842,-0.32472963030703506,-0.23404373329060812,-0.023598682112198732,-0.3147613360903716,-0.32184694122616964,-0.241262882593273,-0.0463018434565714,-0.1933358063077215,-0.33911889595815625,-0.217038686022487,-0.4288342955688266,-0.15732840480469223,-0.18648009061236037
2001-12,0.0868334706143985,-0.0281756291114863,-0.09026738222342823,-0.21944808096742685,-0.1190272772125518,-0.40718245218972393,-0.21564189748013496,-0.23231044478417595,-0.18959858585458478,-0.0018018474535270723,-0.2960275115835649,-0.2994090779991685,-0.23130670763991934,-0.02187577782730532,-0.1510955099768836,-0.3251765408280438,-0.1189057407521874,-0.32759045705973344,-0.17906268957257765,-0.12551533158867856
2002-01,0.019424722082059143,-0.0028472578371271373,-0.1491529822769858,-0.17817977440345834,-0.15341158583214531,-0.39591383685676695,-0.25041853605481956,-0.23568706887016155,-0.1958553882261178,-0.05378191788589626,-0.2816974589626381,-0.23110548772640982,-0.24114027103124014,0.03415552052906912,-0.15611248773217978,-0.2781904404355826,-0.11413328398749067,-0.2739851516983509,-0.2283535446766165,-0.16598180918647276
2002-02,0.006428941759681894,-0.028944202498755178,-0.07341018657857257,-0.1904658599520178,-0.23564681259547948,-0.2262950100230655,-0.23259621513531126,-0.24659845247267065,-0.17970069736458893,-0.02596288371946831,-0.29025536033046606,-0.29151532147216774,-0.2189821151883834,-0.04895565558669501,-0.14529967086015483,-0.2249445281521324,-0.18558469685154866,-0.3013347948536078,-0.19402131515164234,-0.13801040647311746
2002-03,-0.06042777125017729,0.03048091671307329,-0.12271244812192406,-0.071150367969395,-0.2001866985635048,0.012648102639857717,-0.1954001862508714,-0.20576724972206395,-0.17711089408709646,-0.12493873930741006,-0.23113649628624378,-0.3076325795277687,-0.1941376094588937,0.051048585020953885,-0.15821904858597058,-0.1294135178307314,-0.17848682300228857,-0.25180378007603266,-0.18654900637267713,-0.11555173473573788
2002-04,0.02259541691543432,0.1627481472355934,-0.041414575426001576,0.0025438208559869224,-0.07270612432583257,-0.022888738394594488,-0.13204109287043275,-0.1274365513642779,-0.10669635184053483,-0.10865763891146596,-0.17279410230280534,-0.25239240609873326,-0.10977638273851376,0.06665075996239933,-0.03303252110740451,0.04063551688647027,-0.11333022705336593,-0.04831906175172862,-0.07820905132114919,-0.06425618247767428
2002-05,0.04806861863563072,0.09252349159772977,-0.028062748411783134,-0.027003456798357472,-0.07125083231888918,-0.24691447739085792,-0.14821176634210131,-0.12106150930792847,-0.07422853751646796,-0.09870604475795586,-0.16070549836986103,-0.26802063372702234,-0.0908817041602743,0.0416199689423391,-0.01943482234480598,0.0627550101928045,-0.14284954608081468,-0.11423341449009539,-0.03852333533106167,-0.0807481518874612
2002-06,0.20078076285314017,0.07010553335420022,0.08885114282673978,-0.049351433939031075,-0.1228377910386027,-0.28630895446849447,-0.10217162313357764,-0.08827795145574835,-0.014284485180166562,-0.0994073726095207,-0.07715249580083938,-0.22518345539564855,-0.0550478443242558,0.12359307990912538,0.019574640274922617,0.07191573984759758,-0.054032818062774046,-0.14701530144456987,-0.00794016362847505,-0.04663529033641023
2002-07,0.21681190983155196,0.1053906005467955,0.07182131632634103,0.0005544479253403178,-0.07509680692991016,-0.17018706029981356,-0.059346179012157885,-0.08735253321727476,-0.013775124124555171,-0.07689038347020838,-0.05261951076748983,-0.11960134937055933,-0.027052142150136405,0.25544102330423013,0.06867387471235431,-0.0009526090645948226,0.024974587285395256,-0.1158052630577242,0.0633025439917485,-0.02384451646367003
2002-08,0.162173928000652,0.10248229018964228,0.010323371946960869,-0.044089713793113106,-0.0811582388043095,-0.13590995366608216,-0.10437401496885013,-0.12907978048097135,-0.04948968404863763,-0.09903973612331274,-0.08455159858798578,-0.08929254336528347,-0.04774900607389454,0.19937065789604858,0.050423277231497865,-0.03609137599351653,-0.028834496957755307,-0.12953690854931144,0.03650202435879524,-0.06417504787331396
2002-09,0.0703600098303665,0.010959531297736413,-0.12385247613798966,-0.10820442592604229,-0.14466329215015106,-0.07935595382022931,-0.18005288043280576,-0.20928511069598832,-0.02702951479465121,-0.18912662590958307,-0.15669190364854724,-0.11607252945080704,-0.19685729442081046,0.0518685661009457,-0.012532770227910106,-0.07527081565685523,-0.1182008595037114,-0.20541730272162972,-0.08369474653823383,-0.11638562076738745
2002-10,0.15093100154173533,0.170482477572365,-0.04129113017704089,-0.00812688399123962,-0.00892133750924895,-0.030748490726161037,-0.06042792813831965,-0.058641425462528485,0.07180800473562754,-0.03824714865479384,0.013103007181144877,-0.0597307331722724,-0.07004528827672762,0.33341577684984314,0.14816706217377007,0.12759357022268225,0.006127708566708412,-0.06513623253624368,-0.028113650429061998,-0.054915963097088905
2002-11,0.14275408235862352,0.01896126369212614,-0.16503363767859625,-0.08365931050379594,-0.16636082171203792,-0.24565434601398706,-0.25067259509327355,-0.31665528424168043,-0.044308833560550154,-0.18618758628893128,-0.1613114984263685,-0.11098073896316096,-0.23089029968966002,0.19960728247189596,-0.0050123842922157325,-0.007573599937757081,-0.16652142485598154,-0.25418336209329084,-0.09971618466120957,-0.1695697496164963
2002-12,0.0865406566821052,0.005590321999662251,-0.1330388366981473,-0.13564669195139079,-0.14228192983128352,-0.1766071624331531,-0.17426234841082677,-0.27923327725813674,-0.10336402822970292,-0.12880786322417836,-0.11685518810779738,-0.17205095539929083,-0.16872958096617163,0.20759117045985143,-0.019471957078758595,0.016384091666225897,-0.12161917949247303,-0.2514135063330928,-0.09093635420149826,-0.12170727292315175
2003-01,0.1023916194409964,0.01880477836029404,-0.1300618620816969,-0.1086488749272545,-0.12081545903535684,-0.134713624868959,-0.1413644340048833,-0.2615297399836276,-0.09577192457757122,-0.13096427940431643,-0.04240148929933252,-0.06259542451120848,-0.14003993210802812,0.19204695587629783,-0.008466315581116768,-0.10954373159403685,-0.047289222487067906,-0.16936275398259248,-0.08194541920094511,-0.11948201362632893
2003-02,0.22867280014064173,0.0003050806987583421,-0.06484598040478518,-0.11375562074383372,-0.042490443597864136,-0.1772610612187422,-0.1121883852668728,-0.2833440045052559,-0.14121282786022116,-0.07283217244469542,-0.04051859871635488,-0.009412228586984983,-0.14849184670038673,0.19364121049821859,0.06462021409102015,-0.21572717208173608,-0.02777770576360339,-0.17244792618759475,-0.05141145309898121,-0.10271286059205031
2003-03,0.239173257207008,0.02320219142335178,-0.1126009168214831,-0.08225383181246482,-0.11268936194295309,-0.22056759742233545,-0.1235364865935995,-0.292462317686346,-0.09963711703355127,0.024098556706621865,-0.0552798510437954,-0.08412693814754812,-0.19604272008293533,0.28118051848088865,-0.0484055705473011,-0.2070481781229757,-0.02949693174810608,-0.2037115458929991,-0.10585767164116322,-0.16137677535921646
2003-04,0.1826873947165808,-0.040305554124254406,-0.2148800590077833,-0.08888942061166105,-0.16978103652952425,-0.25323748954468084,-0.22230563778173307,-0.38490145137154996,-0.15545108153213505,-0.08111901747358508,-0.09892853731244156,-0.1295243331434328,-0.314189099824288,0.21150981149217207,-0.1898906822457047,-0.24302230163609995,-0.04136591555903335,-0.23524847833893225,-0.2051695400067226,-0.2147560759447118
2003-05,0.12786156025463025,0.00019566882182253664,-0.25106242040850757,-0.0963035211672626,-0.07752481456928684,-0.12136853962215344,-0.23391419497568966,-0.38267697842238735,-0.2406499636168442,-0.06144084983454967,-0.15361499559912062,-0.21050457299040193,-0.3266421268038028,0.21090441982142805,-0.19684063892104486,-0.2325780047270426,-0.07037303759261382,-0.18158907103230848,-0.22632768104392853,-0.2265864928796314
2003-06,0.18851835638670056,0.021574615791931206,-0.13760942675678167,-0.06179314418699622,0.005288907771820117,0.07973636710666576,-0.11816578937365785,-0.23638982557034083,-0.22315847946092604,-0.025199631943436884,-0.014745480547471601,-0.2586184800214114,-0.2525048127602211,0.12590989106097794,-0.10431185569625878,-0.20786520784553852,0.027492077819026406,-0.027436611848516756,-0.1735195781763923,-0.13559666851252905
2003-07,0.25622618311560963,0.12990873934061664,-0.049277611721859294,0.07877926933190071,0.049565310966271925,0.12043690906786031,-0.012550868333648046,-0.14707264758007865,-0.10673091880435026,0.06341858333443207,0.10463995351719757,-0.18005475423815476,-0.18644567277655377,0.213141932108599,-0.044884467133939454,-0.0824235200668001,0.1787914149665284,0.03127714512654989,-0.08846847765435728,-0.03514142779259399
2003-08,0.37111343524462326,0.24824336870894625,0.059088217435224744,0.2495274147473856,0.1834741408997016,0.23501972422503603,0.11913135383970652,0.049116683483130474,-0.060195844490216976,0.1904297042735308,0.18247432214551518,-0.05985655142050983,-0.011792009340481746,0.45524200413419047,0.08906018896205747,-0.014694291379541036,0.31769847623537073,0.20914529494001877,0.03617478786570527,0.04052971143170758
2003-09,0.370558609373002,0.2219209467972869,0.08366397923208124,0.23190413628709616,0.11685737961917875,0.17260769456991798,0.15557081223589875,0.10169296132165839,0.050032968545865586,0.14793883400009422,0.15996426243633732,-0.008097665424498302,0.01642855481965655,0.33992831501150755,0.15657604973329065,0.06966100805611242,0.2967172462240033,0.2721279207407612,0.08260025913032876,0.06326432782552183
2003-10,0.4137660984582858,0.3353711587097845,0.2732891923531642,0.3998059272341319,0.3822594568842077,0.306135214366807,0.3877822526056762,0.41754991333552094,0.26353551030727185,0.33529024594895707,0.3140966844497539,0.15269777930313144,0.24870960149992238,0.40813935388897593,0.3255584515419636,0.25343696940846105,0.4758375202127798,0.5093975434475808,0.15132022847996351,0.17416419531434402
2003-11,0.4770627599154771,0.3096250911612912,0.27209046406060744,0.38686368265143156,0.3778889900760076,0.07022773994485543,0.23903478197291284,0.23843889461738565,0.29082885209211584,0.2267271567870206,0.25384019178003636,0.30978848405132564,0.10243535954802208,0.37863648075134515,0.2667885996733501,0.18606889969614748,0.314673877735816,0.3918477744045312,0.1653308860797773,0.1274805586331711
2003-12,0.48165481357498297,0.3870224780584772,0.2714858583267383,0.41122465694791077,0.4218527633002227,0.05279701046729168,0.24493990989372594,0.3202917804889458,0.27609391896917757,0.23515666196822504,0.201039702435184,0.31218205731255266,0.10118861331160955,0.4518098310438723,0.33375644776068225,0.31712211494719456,0.286689149195396,0.3097675528651693,0.16318395629838345,0.17427626222340864
2004-01,0.43529064892035696,0.40407661075282464,0.28270847841478286,0.4624407560021262,0.3608383918482587,0.26557232569809197,0.34702831705097315,0.4787888392595927,0.361485131505223,0.33039009237628125,0.3407185606196519,0.30102313203007935,0.1951883100074181,0.4754941929126477,0.3664389278108271,0.3547928914858074,0.4203746320322541,0.4901478211106358,0.2535191092502298,0.23243843411662257
2004-02,0.5017687232709283,0.4741574923753389,0.4727393641058615,0.5106484005261172,0.5202795881901854,0.37367819755308584,0.47906052818008416,0.6675510844673227,0.3737096156657531,0.4278398724890575,0.42832233020559496,0.44118525045739854,0.37046579437434657,0.4766035870426568,0.583899329333593,0.4509698827594524,0.5573657883546255,0.654115748805759,0.4016268131336336,0.42634986229984495
2004-03,0.6310827364023635,0.5174972998237839,0.7226558226552651,0.4764688435905384,0.6884746399713266,0.5801713954021397,0.5803873982598755,0.8113147141689658,0.5216860152514133,0.5210537383956331,0.42888256645984324,0.45031299474530284,0.48452353405276405,0.5323667882137524,0.7250321066830587,0.5251730044639193,0.5738711508104437,0.7049862081799148,0.5215845321555186,0.46152889477809267
2004-04,0.6517455737779803,0.5363591811966175,0.7866612636205423,0.5276136166593088,0.6801907753351812,0.6660827117012125,0.6747121383477499,0.8575626343907208,0.6537834948729018,0.44132634335917054,0.538307637485208,0.5173391703702945,0.5479271140296771,0.5453906035320373,0.866926034694486,0.5937949464685419,0.6394030588656596,0.8125756313310175,0.5355061280157789,0.5394810246193313
2004-05,0.5936462939389897,0.4221980767396729,0.46862085870625725,0.4335801614159469,0.3953063890080215,0.3426209175245154,0.40757924771248266,0.4506926156111488,0.5687899772143485,0.32003954188679984,0.3149940078810507,0.7227273586076577,0.3287848810741667,0.4939657403226614,0.6525611776940383,0.5644632217377463,0.4059127632259152,0.5124393455011975,0.352189038534636,0.3526494515465206
2004-06,0.5080494769575592,0.29018140733806086,0.35102881893274906,0.22082221612218111,0.2545051681882191,0.04488489815715413,0.2904550746885397,0.34923611974128943,0.37124720394214394,0.2786458968736636,0.20534179884909576,0.5640810867603341,0.23678630462451378,0.34337399369813704,0.533677548426863,0.3999641986978839,0.3036048657431505,0.4261873210295479,0.28178507108245143,0.254284164844234
2004-07,0.4728340358747589,0.25751543046112113,0.38237170207889415,0.21845421647884455,0.2737414170089043,0.08261503536883996,0.3064247782076397,0.2858033274897165,0.3459039318392403,0.29010029896946143,0.2329866842901478,0.4080500048621216,0.23837380679277187,0.20742717912440134,0.5291020500146577,0.30719227946490957,0.2633654610347136,0.4243568900715682,0.2942072063502099,0.2691968865108654
2004-08,0.5665910046598233,0.25187184869481527,0.3799393765033894,0.259776343268193,0.3715714186012542,0.15376302194919966,0.30132305106439006,0.25768898531625517,0.2676772150497111,0.3422177836840492,0.26887736400690554,0.414003704671263,0.21767277476453284,0.30542528003478986,0.4839678101477083,0.23206488908926426,0.27415059401555353,0.3983189463513219,0.24856011783482246,0.25952274671069353
2004-09,0.5944674103926866,0.21933362200000284,0.3709319393199464,0.2160700627935348,0.26910063648685423,-0.016320089447999453,0.24717628248382972,0.21856541469186674,0.15881093607131325,0.28941312033461775,0.2692673078802945,0.2019095489149243,0.1399413591564025,0.32692789916986564,0.450549090613628,0.2178758131382701,0.2584155628919689,0.32863024479968517,0.21224065391391012,0.25888726601104106
2004-10,0.5218880920260827,0.1950083531512714,0.35375007464509256,0.19158142203983353,0.22970045332794853,0.017371022916269796,0.21862808778702947,0.19032858127112018,0.16318628414030045,0.2915425183378899,0.21082622320091438,0.13996828989321042,0.14200543163048107,0.28262965943155294,0.4931353514903609,0.19709979849134385,0.2531861720102566,0.29715032689481036,0.14815846667456833,0.21563238070074986
2004-11,0.546061423463591,0.165188163123279,0.38709494096302666,0.19780784357890546,0.2488275814198706,0.012768783601530442,0.1792992237187534,0.11962549496196861,0.12566772664059433,0.2828506208211139,0.22073497333844228,0.06379529356394054,0.10494062660350822,0.30223452411087814,0.4856650057668317,0.18591194990731275,0.23446244480669942,0.29006601056723547,0.1445892932790378,0.17149976323993865
2004-12,0.5209467154801024,0.24133125629666363,0.4261699162252286,0.24559863550396388,0.24257844420299746,0.03622177435423457,0.17435880994710495,0.10991004535373539,0.12047979803369468,0.3051775195315696,0.19622539809654316,0.12579596996882514,0.10940804153586758,0.21862160620119608,0.44505457280737337,0.2009760444900517,0.2559699810101299,0.2766381839344998,0.10768806440412093,0.17218371756313
2005-01,0.5730166748173557,0.24616268181463785,0.4125386625456571,0.22285118795734138,0.2609638874030975,0.14251699465780332,0.14806961687320874,0.09571527742676245,0.20200111328277215,0.3011554008273123,0.2286943731877351,0.10543818657109427,0.09329122739807172,0.2536420993921771,0.48758725767428146,0.18262301993242014,0.21448385292362682,0.32413827254207717,0.10018632688658657,0.16161073815048166
2005-02,0.5506290640818841,0.2940300114176284,0.4106769094600191,0.23828110359276944,0.23493890471143075,0.026576643541663447,0.1824958511925472,0.13736432686907962,0.11987204615553337,0.35643699103377924,0.3014380902437426,0.14457258987186994,0.14236311668514712,0.2672181260294977,0.47638909685977593,0.16962343598171925,0.27780889553416954,0.31105466275816784,0.11997192720485428,0.1961563529015251
2005-03,0.4769471167001804,0.2503412943622858,0.33480492815982577,0.16542677728251465,0.1445461072868337,-0.06100366022956627,0.13556410923860174,0.10071198785442537,0.04627052935702092,0.35016161121002787,0.2586714312373075,0.12478335760644632,0.11818375037412432,0.24560782286897087,0.3280853303982618,0.17132859212320328,0.21466923425416318,0.20805316719932687,0.08627345933438857,0.13707420572945228
2005-04,0.5619276344873005,0.30625238301567315,0.47147247476111387,0.23196599234383974,0.32948614174409596,0.0645649773937309,0.22998892502387802,0.20157496312438572,0.15507375524119427,0.3228910202509345,0.332467225909727,0.000529453781224154,0.24503160295378446,0.319109464659036,0.4970370324237041,0.19587317561565865,0.3056178458039758,0.31976348462446924,0.17635032254684568,0.22227284938641412
2005-05,0.47296486618481137,0.3205388745325135,0.4469723847027782,0.3561330622531036,0.3664468457673662,0.25981327053498093,0.22986447000768617,0.18013117493147002,0.1747790994228573,0.22099920619735314,0.3065672709512448,0.029164135118397327,0.217815043269743,0.26636717708317725,0.48535583997358067,0.21745357948199318,0.27247098935197034,0.2913341134447551,0.13311933135273213,0.19942085573947232
2005-06,0.42368846469399957,0.2904254558191999,0.38479555153832234,0.24741575816615313,0.3025147753998083,0.2543567867887073,0.16075733791932056,0.1201365388450113,0.22706510908400968,0.17666124619577284,0.24942301568643566,0.037113394658446985,0.12906981923105443,0.3104847854941335,0.3832734695043538,0.24422987244280225,0.23665725257233294,0.21984863464591564,0.1121522509091386,0.16113521988604362
2005-07,0.3965963911508221,0.29145965774732585,0.31034855214598567,0.23800129961395533,0.2673049953572262,0.23833659908096005,0.148698112415111,0.10293549179111783,0.21850219834371654,0.15606742369636373,0.19270834341528853,-0.02670133383584805,0.10612438470246999,0.21374860493245773,0.35527035490474024,0.23121671344142714,0.22059044574757403,0.20316755061089697,0.10948601836275773,0.14630975273936864
2005-08,0.47660685212153253,0.3535700843819929,0.3381634915931364,0.30308829863326325,0.3270376793329852,0.3961195774777164,0.2034262270831304,0.17341170863742317,0.24173229135459318,0.2307021778280487,0.2310606649547049,0.04378248863397327,0.21422264079625908,0.245520909961374,0.522805044062761,0.24495850953818854,0.2812634360301993,0.2410822324172317,0.14594746018537785,0.17801988623261322
2005-09,0.530968612914992,0.3698878265059653,0.33318320948872415,0.3737620599927214,0.3536284551712219,0.40122598558039324,0.2767498037584142,0.2762352090773281,0.2399807411975199,0.23846045942622762,0.2950584893671313,0.047411413547273185,0.2833524969395944,0.24221193971942134,0.5785409241919921,0.31088324276193413,0.3180528183464171,0.2845607957996932,0.21394696190300677,0.19732975743122871
2005-10,0.5759241218079103,0.30597956450823727,0.26797181618999044,0.352211350985131,0.3302575378165531,0.29068666398775656,0.2394473587471162,0.2263965162759467,0.2106349786605506,0.17783156204235073,0.2445762660439954,0.15797150719948538,0.2485624438777514,0.18693676336411236,0.5361611328358451,0.19371071734639234,0.27680435729420116,0.21270477957895428,0.20542969614028883,0.1946628404816919
2005-11,0.509603857765041,0.29638129766270427,0.19244366517886058,0.3385116487425053,0.3223632313660225,0.24057443910940202,0.21148009833366133,0.19961775432955964,0.24767906859641453,0.13605479744686,0.1922831456219789,0.23237295742282948,0.20869942433687938,0.21122556863307418,0.5259680261776845,0.18380733954322248,0.2523258372753454,0.21813762140410442,0.20909110321263302,0.17665518315652773
2005-12,0.28419762237353563,0.13458793345703857,0.08611181380678246,0.18270062740072723,0.16593511871474598,0.08955587276927024,0.10074360234952562,0.0701110599766348,0.05876430716171588,-0.002556488867685891,0.03463866109189606,0.16722652436822494,0.10731663067398922,0.0720131356488638,0.2580903146030722,0.11296261320974388,0.12073455835622426,0.032341962940165336,0.15104208144434472,0.08070760370987107
2006-01,0.21882893266456294,0.11599526104485314,0.05089099329871938,0.22227096825077108,0.14641311037598892,0.10649480559567315,0.07207071786005304,0.04554347848395435,0.07089349779501841,-0.03487107346160534,-0.02472428263168125,0.14893491295966266,0.10794944330224387,0.037662362457529186,0.2550769246279754,0.11705003751649645,0.035439715861857124,0.03183695268532727,0.12971834540536453,0.04678217424925979
2006-02,0.3054449574049287,0.1351601588174125,0.11574500506542917,0.3295724761770922,0.26193402226553886,0.22064520242152796,0.12951859161896406,0.13393745514001498,0.12444928384370035,0.05035906514550348,0.03569717330700706,0.2725567107742992,0.16839918267552623,0.04676833638669975,0.3411166279816096,0.1377562251296227,0.06922344151871362,0.16196491864668983,0.1924998168860328,0.09075754599159014
2006-03,0.3394657888661945,0.1631874687443624,0.12766964193031072,0.3551024811585477,0.18009141041156007,0.20647406372897747,0.1616580493008557,0.17744140173625178,0.14699898024164604,0.1205174465178942,0.06810044670429205,0.30661845308197555,0.16619880756691008,-0.03304191660117883,0.3348052107126498,0.18680611051034623,0.10005051055630743,0.15239067587132382,0.20063666173210892,0.11070533336083521
2006-04,0.4126675242451936,0.185209742676691,0.1497359747796012,0.3092726256542153,0.1754636009589654,0.2883174772416195,0.17094473073121064,0.21638495156909632,0.19580997432730718,0.23541765877479692,0.09110039594908148,0.322924452598752,0.23533816780859018,0.022727907441339346,0.37002616774200914,0.22888041314904517,0.18351516579181837,0.1851459663999664,0.222302099534039,0.139874216986686
2006-05,0.5230849422092712,0.20769698109801205,0.22015224801253308,0.39972944978033587,0.2633464548361921,0.4108281933374336,0.3051129331139286,0.35015388613316056,0.16652859637694184,0.33645077993753914,0.18253210823710764,0.38268251167372846,0.37842296516484963,0.0004729968871415302,0.587145779109912,0.2636519621511697,0.2615786210228561,0.3448851883257884,0.2659249388560523,0.17861172451248009
2006-06,0.5487897705258973,0.3216968062406971,0.331144054491165,0.4320718383537918,0.29302733762187305,0.437660897922052,0.3410465168918497,0.3914674489306411,0.23058754048076557,0.3343692835412575,0.25405477113221475,0.44866552538468074,0.4217263693761719,0.0982197603953121,0.723186845890762,0.3324478512063642,0.3168072822343677,0.3737136023921621,0.34261309225626446,0.26590306472341774
2006-07,0.35056088547166686,0.18671447043329192,0.2560423905240301,0.30288767007411144,0.1956919785199278,0.3251654462092206,0.27200750435769927,0.2959946995594047,0.1122755079003106,0.2625819657417956,0.21759896718919025,0.3482515694046897,0.28769338722506,-0.046061400426572585,0.4394392512688796,0.1818895008618806,0.2571511038554626,0.28384448821697417,0.2984118381902141,0.21379447015429354
2006-08,0.32313898912500405,0.16690113568967835,0.1984136256714426,0.2186385624618632,0.150343357337124,0.28274657789266455,0.21354241341631486,0.2090021062073868,0.05508533676239091,0.20247060384159798,0.16150236021297282,0.3199572383104716,0.22677078539738704,-0.1117529101446324,0.31251339372906606,0.1356233638174651,0.23493180194262187,0.2276451880331356,0.23889357798976896,0.20436485434721452
2006-09,0.23931690256748794,0.17603290287338158,0.20402735203352274,0.15313271744080903,0.08232456620714945,0.26148348710963876,0.21306185014003876,0.19857657511014803,0.09163662153256547,0.2083828113058004,0.1524905072904792,0.21812915804252264,0.26439651059850977,-0.1075898055152742,0.26019693441083747,0.19456739777031862,0.2540230080771031,0.20041259734917083,0.2522673065058505,0.1975849687263136
2006-10,0.23797406510410735,0.14120402145938082,0.23647156128092095,0.14745010738518705,0.167416763712255,0.26015522843650674,0.226707757678541,0.219438808741232,0.09504831914844991,0.30161475165705,0.18111534543725694,0.1364287805281552,0.2999604017552864,-0.09399267781006115,0.1886454778205171,0.22430963952338834,0.2287973815743658,0.21368068306739874,0.25887299514034456,0.2056256260992788
2006-11,0.331987576742766,0.18525851696134632,0.30285506910437676,0.21294753076930095,0.25107252556329396,0.287299050734775,0.2867581685501719,0.28374539748111394,0.18562595431273254,0.37008532158992513,0.27046566754106904,0.123376908577701,0.3656270031679174,-0.029418045563207484,0.18390881840432294,0.2945372429046951,0.3465661587317883,0.33418618567129,0.2583789319554386,0.22989087419302212
2006-12,0.37381107744595243,0.2546603455558285,0.3084401843655413,0.20845641202820175,0.2836410606777824,0.32709407324144046,0.300928956640401,0.3087995604963292,0.1603754499614447,0.3910940056748642,0.3005247904428361,0.10495023215371346,0.31128791822511026,0.04616521362665549,0.28908199074756435,0.3511303972887809,0.45300978329780217,0.3975260740865776,0.2572770239589799,0.28998725715618345
2007-01,0.3574872766207864,0.2658025424374122,0.30168533064128344,0.19019899061871093,0.26467275875884466,0.2917594496545748,0.3000534155677652,0.312054346586516,0.21587166713351413,0.3487322162531432,0.3173435323443383,0.019119004864939226,0.28004306655675015,0.08790303186853499,0.34220316275370233,0.3800969851296552,0.4962108395571716,0.3518994670728681,0.26474042396496467,0.2736882283475941
2007-02,0.3213150374522975,0.21987613146424367,0.27671382654419663,0.09840730976449752,0.29606843753012124,0.2542520572524636,0.2534634407827725,0.2705021115154369,0.22081330056326243,0.3873148750869453,0.274896623727251,0.0001704628921770368,0.2589102800805778,0.1928981973047259,0.26197512108674026,0.379447344296888,0.43345834431149743,0.3869988206836159,0.2178364586936734,0.23141159979971415
2007-03,0.3104491751607543,0.2475241662968175,0.2774755889705358,0.11713016163548318,0.3525898957385818,0.25219033950219427,0.2562318571764295,0.2694977620201675,0.23512018004150925,0.2963478329808453,0.2598269236831938,0.01805591166282916,0.23800631957914176,0.23446088060428227,0.3231718176532006,0.4070872774673149,0.40398485414214114,0.4176661312916956,0.2608856761639555,0.23857887253311905
2007-04,0.22264794343061634,0.2836716852047514,0.24048882255171655,0.11138996712905569,0.30215610735330123,0.1647394483554352,0.1820657930754881,0.2177850902637548,0.1887375663034152,0.28729200601361105,0.2176615871804095,0.03537689813289213,0.1793570830115283,0.22288588581357893,0.1421635230131595,0.3720498362979421,0.35756091330132067,0.2713761644053614,0.20467175231667678,0.20913793875384235
2007-05,0.25308585961102326,0.24316434674361087,0.22707431621791896,0.08544270755724104,0.2952106133051269,0.17213286787602433,0.1842305400700357,0.21521912225438755,0.15253695522451416,0.2679644278790594,0.19989062594647522,-0.005030511711515695,0.2212081804264603,0.20190556872047405,0.09213796714270472,0.3781478355703771,0.352632345927149,0.2983017281490252,0.17191632702709958,0.17774357646823002
2007-06,0.4037139220155197,0.38956598867839487,0.36016933803364615,0.18835327029814164,0.44587301110046895,0.34598512919720226,0.31929377829512573,0.3969569054981308,0.2563181555029188,0.3298510144853428,0.31980612075289794,0.038602913351071244,0.3992688759290126,0.3796831243347869,0.2456608215204641,0.5717594788821414,0.3955159649941786,0.5641045765786752,0.2975613260742187,0.2564207088306567
2007-07,0.41708787844764905,0.4102625330435774,0.3902102229214486,0.31714389515965236,0.5090102941081922,0.447605089093857,0.34746981508199926,0.46101166635690816,0.27377914446056884,0.3879865779601124,0.32086408157113677,0.0629665003983364,0.38517572111560683,0.4855202277484745,0.3113434518622227,0.5925937175885718,0.4455959303095731,0.5138441467400285,0.28449906215181286,0.2698690177061487
2007-08,0.3974703264865418,0.42398535501834833,0.3340346568471091,0.3116306358815275,0.4858320414228643,0.4510908442998618,0.34666910012800334,0.4814617396712422,0.25139723836891514,0.3350449031941847,0.296938700305422,0.0704695411392744,0.35769581767229464,0.5184007250971503,0.34700654977467815,0.6131903335144089,0.37618701084901796,0.5097229739267617,0.22027410904422262,0.2520201998877316
2007-09,0.3187842445987783,0.36408965877870325,0.2445220680404625,0.24292617400201877,0.4575371160561812,0.3932474377045434,0.2504040135547214,0.3870983831621231,0.2983048361463496,0.15174013323003477,0.21050106621120568,0.050782502961358666,0.3069506122723469,0.4470970504580998,0.3774481683230122,0.5866983340620782,0.3386073907212537,0.45137829052702205,0.16667738401380872,0.1967623448514939
2007-10,0.2421137236703248,0.37503340642199756,0.17449288467011037,0.27750506663671204,0.40081425274692917,0.4779748208470118,0.21504554530510145,0.3632133116978302,0.27421683095145255,0.11185695301390308,0.1888570618486336,0.038466972198970106,0.23815040069077842,0.22542061994790918,0.43270695621745814,0.496750853128322,0.23661222275811045,0.3111805016721585,0.13026165883552143,0.1882525675370763
2007-11,0.21381180371149466,0.4515999237607278,0.19545783332933664,0.3326517976436141,0.40615883211643355,0.5755341858176566,0.24600663583903826,0.3935934940728105,0.4187793141464393,0.04043964538387623,0.19318971441890787,0.038365101787728895,0.3256691114761976,0.283234173710484,0.5098446148304157,0.541215635369056,0.2136178448540862,0.31742946958032436,0.14820232008687872,0.17277523327651578
2007-12,0.2678757637998468,0.515909535395707,0.19017328015490342,0.41688056660147654,0.36795736587272665,0.5643440975413818,0.2540384276998444,0.39133310962483403,0.4772484352594155,0.028185113507766646,0.17062134456040767,0.034333619560778184,0.31806291896651206,0.21734503440650355,0.44426550529737807,0.5075734284029783,0.26091817823938523,0.25079794063808847,0.12831954797741263,0.2172254423720794
2008-01,0.09282021977767396,0.3448410686636303,0.06299132482874281,0.26684283162245914,0.22765067459269228,0.4647274889879871,0.18412140799467225,0.3017885765104116,0.34833858874849777,-0.13969150554088172,0.10212996721609224,-0.00839324773162542,0.21008922757107773,0.07928178992490054,0.2861212417891532,0.31360664840877384,0.2398781222616957,0.06445011088810548,0.10030457581844288,0.11955854974837132
2008-02,0.09314773832506029,0.2999996074543212,0.03541820459615441,0.28491531016615523,0.162456224955297,0.37833339302734004,0.16917607118135702,0.29354940830464993,0.3354997899747072,-0.14130374426032632,0.08466199823808584,-0.049337010405932635,0.20792577841570647,0.059392644478530654,0.25557586229666085,0.2524795344177866,0.16665793101179016,0.016199225822282948,0.03744233043808931,0.08381488658170677
2008-03,0.021084475558849514,0.13985837460263228,-0.032043537677000966,0.20068367481557337,0.04390709632945189,0.2660845716664879,0.02292717710668457,0.15481273697045728,0.20015342045986584,-0.19062271587262725,-0.018654697167709733,-0.12958718874105324,0.10047670727186397,0.006268333034536333,0.05906678766275153,0.08198102863953038,0.05058707396182216,-0.06875398452152304,0.00013034443252202266,-0.005018838591022368
2008-04,-0.015216526736495428,0.12392533347671719,-0.04438897395327235,0.22879998684169633,0.07059705081762213,0.23628593271745557,-0.00394016168012723,0.12233743877174863,0.1782424922889263,-0.20151802525017082,-0.036057488273183225,-0.1080781016489748,0.060194060035841046,-0.05011530101822337,0.12623548403294427,0.07281342436749538,0.025201328191529537,-0.05892182447876404,0.005177586077561802,-0.026928796559077983
2008-05,-0.04516690398379808,-0.0008725097804005433,-0.06952949304487765,0.09871359669630575,0.03231146067167012,0.10359795326221422,-0.05627157749870293,0.047425639470696224,0.08287139107301722,-0.22261849130787537,-0.12292335935967647,-0.12029496093334968,0.004337936791952046,-0.15826916750335662,0.05459119034825455,0.014593170575729175,0.06341263859993718,-0.14636045181878599,-0.05192192809219842,-0.08870367799150702
2008-06,0.00035442478132563515,0.05719242801340085,-0.053261567473910865,0.07301446193593542,0.002216957072428194,0.04418951093428625,-0.02726766955176574,0.04873769702640218,0.1342953237735378,-0.23528090098988808,-0.07243086152545686,-0.07597075920207197,0.03792715760538323,-0.13350263346315838,0.15714095000450268,0.027866032368562887,0.029398775729001514,-0.09194518181520284,-0.03664882181901574,-0.05010002912823275
2008-07,0.03395702503217701,0.07273180858675055,-0.07501575556819395,0.1487225479712473,0.07272365572454631,0.05579045535563587,-0.015603750021071283,0.05235688647581349,0.1402688583681322,-0.23202610154429315,-0.05447791045820749,-0.05469042222565035,0.03988376202987998,-0.15706247640647875,0.15475933330508296,0.041090394010704356,0.04068997706195887,-0.06119011517968498,-0.005734946504878935,-0.05941000805272578
2008-08,0.00014003978295318298,0.01872825690358204,-0.16055399758051758,0.10300454505701517,-0.03919577703776422,-0.06264352386789063,-0.06923842433495608,0.008142036388514962,-0.03725610747578034,-0.2838647537367962,-0.13027555967649862,-0.11426358367440947,-0.08977651691430422,-0.25049383252153856,0.1079527119938064,-0.0479813587272202,-0.05949391620025235,-0.20109854090752044,-0.04595422603441002,-0.09753160120059912
2008-09,-0.043012162594139425,-0.04572483047657572,-0.1900519976655377,0.0328273681491722,-0.06209285838877776,-0.11862928612582935,-0.0855276989599445,-0.012934103745042669,-0.04338761427208304,-0.38909934306845206,-0.1607999230619801,-0.11398955982693337,-0.10924404740600602,-0.1459294132496709,0.0562351979398279,-0.04916301198490247,-0.06884115904129484,-0.17478238044699157,-0.04421432492687405,-0.13066641027493653
2008-10,-0.1401367989562473,-0.21278538325800878,-0.24100183387796104,-0.07822020765347482,-0.15673913208614731,-0.25281118504762723,-0.1651450711483713,-0.13771968425724457,-0.19966461323749474,-0.39377937874463853,-0.22896237556052945,-0.16779515802835865,-0.17299907993889108,-0.27313462608191974,-0.13051676207952434,-0.2340314166074956,-0.17123937491364605,-0.2718713209914999,-0.11604484345230837,-0.19556704913794842
2008-11,-0.41176424227730757,-0.39733893966538014,-0.39001749699497135,-0.28099324388420976,-0.3447209739686208,-0.4347511197856676,-0.3154205544700057,-0.27137972555452583,-0.40509441905987853,-0.5505038571854628,-0.36348889380184835,-0.2542925631503361,-0.34310695698197724,-0.34923962620936533,-0.40562636678201924,-0.39393082811294977,-0.3222755449628606,-0.39826513867638647,-0.2138559869805231,-0.3586492680703587
2008-12,-0.5891597506876245,-0.525740501812843,-0.540802617383139,-0.4091706939397184,-0.4784299011954607,-0.5297479858557972,-0.45706971773538996,-0.40892690941601306,-0.5258425815279231,-0.6234740102397707,-0.4924233635611469,-0.3424071222565407,-0.4947187772752393,-0.45476106013942896,-0.5626904701789923,-0.5303307865897455,-0.4776014931326822,-0.529309041218099,-0.31094193566135664,-0.4605790714001937
2009-01,-0.6318316631299365,-0.5545888798395122,-0.5815170878957452,-0.4581594915209929,-0.5135955223223372,-0.5617402235409885,-0.47987312007459537,-0.4722225548646962,-0.5431359343522763,-0.6693467917188516,-0.5155581236540756,-0.3185107458109505,-0.5387109235323702,-0.5011290560398916,-0.6248002251284548,-0.5435298113890537,-0.467798351844513,-0.5436105998586036,-0.35355229116517817,-0.4773682211927466
2009-02,-0.5585238084434195,-0.4737748547270695,-0.5037705846805001,-0.42734692008856634,-0.4356450443439044,-0.49701291738432196,-0.35571762010833763,-0.3389584566931684,-0.4451022603021819,-0.6555540804440628,-0.42317343478801805,-0.22347580623696583,-0.44234938334110907,-0.444858655915482,-0.5330519390637738,-0.4256057207955194,-0.3290453571888299,-0.4512777802384358,-0.25681059218926305,-0.438065307462317
2009-03,-0.6078133919260948,-0.5646041374647918,-0.5412709717731248,-0.4694401153037169,-0.4984038447347924,-0.5793569268599699,-0.4526050603015115,-0.4491538077796714,-0.4458789617974598,-0.6834774578897533,-0.5043674528453339,-0.2818033795973044,-0.5092112436500214,-0.48989157655331483,-0.5711872154651204,-0.485270299360816,-0.43413543291261936,-0.5546238774118124,-0.3617297611946029,-0.4807403794119002
2009-04,-0.6634034645047298,-0.5527351841255297,-0.578766463340702,-0.4938723195419489,-0.5582922982490754,-0.6287545845991546,-0.5170804449990622,-0.5212271413412097,-0.43791236540157674,-0.7204961605494888,-0.5598313360066076,-0.34514521024946465,-0.5822841304054196,-0.509797457290606,-0.5969758956325517,-0.5297576148497201,-0.5249311714580812,-0.5792525678471723,-0.4360740982925878,-0.5067273238121659
2009-05,-0.6322382763649839,-0.5157215909486778,-0.5677059824090166,-0.48274863425715653,-0.5565737626975704,-0.5884784846381589,-0.5098352846626638,-0.4925219646551904,-0.453622236662086,-0.6937744254551663,-0.5533306911535385,-0.3753872815218041,-0.5698654404525638,-0.46101618905998965,-0.6112053486754823,-0.5231049263397132,-0.5120751074638101,-0.550564324610016,-0.3956739370822768,-0.5196739914186012
2009-06,-0.6041245551557879,-0.4825970221024005,-0.5036591066159057,-0.4507377523162608,-0.5011560428137078,-0.4871257297163356,-0.45679650573123454,-0.433531445267069,-0.37012910410100897,-0.6220769966414338,-0.47766370875104747,-0.33974578060443217,-0.5152147531977251,-0.43158674759620586,-0.58853446903511,-0.460493084030392,-0.44721305776649256,-0.4496544565584413,-0.3524693210384512,-0.4533062105888175
2009-07,-0.4912677658132498,-0.3724402590661374,-0.3644180028337485,-0.3002856587231746,-0.3877097873357235,-0.3634616886014006,-0.3252450204510732,-0.32365607904731963,-0.15226112276971437,-0.5012010684164346,-0.3385222613902308,-0.21697181914924712,-0.36884252994348854,-0.2520092061317989,-0.4782105192190277,-0.2445387707560407,-0.31099534574001575,-0.2922469866255609,-0.2465708602486374,-0.3317017744883731
2009-08,-0.4583949925362417,-0.29340471845164484,-0.3285830017193633,-0.29797193663468613,-0.3788424417504337,-0.37717794510723235,-0.3251751411035638,-0.32675068773495275,-0.14130753263763096,-0.40842482466113506,-0.33068714771487406,-0.16918288275093318,-0.345742549339099,-0.24223203650530367,-0.4569861488448397,-0.22098928546167118,-0.2755575610802613,-0.28719933395758224,-0.24466595243170963,-0.30909859890300595
2009-09,-0.372433349271293,-0.1674243506676587,-0.26992279001034514,-0.19435633096705218,-0.29172808117157356,-0.3184149186199471,-0.23172598912881326,-0.206273739246017,0.03311152555563912,-0.356178658892659,-0.2485457888280882,-0.09706997023432828,-0.25915636832513467,-0.14745204937523215,-0.37100799723745115,0.0011643650862407373,-0.13497790936862142,-0.1086047115076163,-0.13099005721309864,-0.20883662168780603
2009-10,-0.03305057652260979,0.08471561911804604,-0.044480980391872205,-0.06108841896242123,-0.044973002887449764,-0.04938651121092785,-0.03423890659547579,-0.09487198742564917,0.1870649062982419,-0.05404033741899705,-0.05489101955480358,0.04130007894011212,-0.02370292498652793,0.009100964992861948,-0.0951560066985605,0.21027824295709197,0.028596254472170957,0.14636055850969076,0.012049325665374422,-0.021015873985548494
2009-11,0.580796859765546,0.6648704884140364,0.4448716720511148,0.38292191671850384,0.32194962889243617,0.23736830936055564,0.3306069327284906,0.21246327701782763,0.6481892397231026,0.36630332029338675,0.3166819094791484,0.19454211435303814,0.43235326096448157,0.3249587837069938,0.44185350590814454,0.7846075193610569,0.4056949331060371,0.6274706850835667,0.2114730434285763,0.26588530752560136
2009-12,0.6769871066653552,0.8323827489043425,0.5922382297356834,0.40754279168367624,0.40839983465963736,0.27727019189322055,0.3587888014720788,0.2954383608440587,0.7575373223831923,0.4115816937773942,0.33358931805889736,0.1649470649664695,0.5235243023163352,0.48690472199948576,0.7187701532947055,0.8176626082152443,0.3990778673136839,0.7768370194698213,0.3375509171142974,0.3633750386870245
2010-01,0.576275058100858,0.7798333323780806,0.4855314474494661,0.5263126199269232,0.4010947159321745,0.258860174054345,0.29023751935407005,0.21371194783961123,0.655028090033468,0.3837352004562382,0.26276607094312654,0.052328000258163865,0.43341670525919596,0.3759924235022394,0.7785062407709826,0.7188043584996981,0.27585452159290913,0.6907727718632106,0.2546763704940511,0.4244092882110295
2010-02,0.6432230863126147,1.0903460473461015,0.5450026549180227,0.6349983919982787,0.45584912651382914,0.4668318860003766,0.5223572358839861,0.4464431556619024,0.6974477126855074,0.5058072653070562,0.4700684667964081,0.12755854440998138,0.6225393057989004,0.5862007390339359,0.7968896304854358,0.927326396058731,0.4633009333054401,0.9233730486038454,0.4269228117323285,0.5606544857047635
2010-03,0.8065822369459232,1.010173139963697,0.5992936034185288,0.6992615041727017,0.648916428754392,0.740387850177546,0.5846223763687088,0.5142221558253461,0.6954874056157387,0.6482369953400551,0.5692786518975224,0.3122382287126393,0.7927680846032095,0.6652751238454659,0.8439265991602143,1.03237176958935,0.5127716649151974,0.9566279101878719,0.5553298139129654,0.6122101666532311
2010-04,0.4828869241127731,0.7674417292114619,0.4849616366611138,0.6649045947969097,0.6068045811751532,0.5326904727839958,0.43569114809793064,0.34621966132574844,0.6819548106867932,0.4136642239629438,0.3855446554303714,0.3031802782136863,0.631547933110115,0.43348017746426337,0.6591931025345514,0.9161111993038809,0.3435145392559502,0.815901278150625,0.4608451456059086,0.5354234202364563
2010-05,0.4187389677704765,0.7215774336433465,0.3871433732824259,0.577108322917048,0.44421935894786224,0.34728240367756014,0.34828360183660023,0.27926419401509217,0.5459620655545245,0.30094051668321176,0.24939219119273126,0.2643261995484265,0.5395126310227158,0.4167912932401172,0.557486872846013,0.7200165072691815,0.24479213374900177,0.5551609412943064,0.4319549449627458,0.43736888523013984
2010-06,0.2119389198456274,0.5251527743260593,0.2008199265184034,0.3153583588802029,0.31746071827472444,0.15936329293909046,0.16734045037493828,0.13875295537643062,0.28091811080258866,0.20930251287969814,0.04283633048161106,0.14702463437528346,0.3413280931688958,0.2729839630501636,0.34146981849715186,0.40536801265185063,0.05128003801197156,0.4779061137484679,0.2528465157976285,0.25227510524074526
2010-07,0.05487438661201116,0.22417220008232697,0.10788281289701662,0.3104638721099706,0.18204719691029903,0.05130448690687994,0.05613063217622827,0.048024936459820644,0.192144155755001,-0.011168634210577233,-0.06876109305381894,0.02610336267909341,0.19153991611472754,0.10309395320745973,0.17559594384278343,0.2794678150737193,-0.13631550420414118,0.288028444101472,0.1292427739989721,0.12898822158896772
2010-08,-0.05971981076271626,0.062215612485104765,0.01751953417227603,0.1063905648762915,0.09417975303949877,-0.03067750592078977,-0.05681626999646461,-0.053506923056097055,0.07988417744853327,-0.09655622874058212,-0.15312900884755343,-0.020936647315901835,0.03097482260974882,0.0006107341946435252,0.026940079315529664,0.1417215613349303,-0.23628686852668634,0.10216324717786107,0.06301421130768081,0.0060311407286417484
2010-09,-0.053804548759650794,0.10936820003784264,0.03778215130684415,0.19630216376980436,0.11544365717963356,0.005555529130452985,-0.017454990343159116,0.0299436715489938,0.21615800259845397,-0.13223434262826173,-0.10029293921108118,-0.025102874348599813,0.07316945653827345,0.032289562795162485,0.14473142968606356,0.2311924633498108,-0.13500591560728614,0.18692079820440322,0.06109450120266757,0.0827167810112388
2010-10,-0.1654219859326681,-0.022056951588262597,-0.0623342198965563,0.08991231424580981,0.01892947723700522,-0.08274370603228587,-0.13822137183807848,-0.08543094402802387,0.1520065180252268,-0.28971569316556856,-0.22347509543041266,-0.04238027784418397,-0.07646420715459223,-0.061255007475051415,-0.017047846253392174,0.16026291929721093,-0.2249233334580213,0.0901873310089718,0.03281081286450549,0.025238573677049736
2010-11,-0.009185194140674535,0.11502508427163094,0.07103285235223189,0.24266082614748852,0.18340811997421436,0.14757623854268198,0.022820325553582155,0.08401143479591022,0.2543503014824695,-0.10222284785723879,-0.08312456521430422,0.02658168329856747,0.07911452462508262,0.020391127474736592,0.08045222292601917,0.26834156261828856,-0.11407286634308267,0.26435425040153127,0.09043633853469779,0.1080677246170818
2010-12,0.04002005581170742,0.1149178496991865,0.09639996708470533,0.19679002214018948,0.19392019364782875,0.14220143107866035,0.04707184783758778,0.10741844371090825,0.28605366075070826,-0.06815621383019599,-0.03603128793809329,0.060829001237624025,0.07348762385936669,0.14098089629715727,0.08911233616321246,0.2748395909236323,-0.09909920897491986,0.25393783641234635,0.09909229143760934,0.12303288335413787
2011-01,-0.011346986644763413,0.06568342913090364,-0.02777303383486951,0.1703479755415107,0.1271688169329117,0.030659646921676442,-0.07955511424566863,0.03958135527356532,0.2831661915787764,-0.13921082178535304,-0.18745199796447776,0.07817974983670317,-0.049757695867627905,0.05767432429706587,-0.02914375670268987,0.17533874030443863,-0.25550305414577124,0.22201296929010872,0.0444364908846564,0.040218519345580406
2011-02,0.1977315253788252,0.2737197221303713,0.0513570955176299,0.3395353839584523,0.2026781842808445,0.1414481628631732,0.06895778113246598,0.21267631549859423,0.3719115514756486,-0.0056400872348042475,-0.042619801586578854,0.13262050876487774,0.08823290397902728,0.18894124253267663,0.20241045123049184,0.2983177701755617,-0.10016043001080543,0.39029467745998625,0.18789830402887486,0.17262380271509836
2011-03,0.2684270798435584,0.20629768944184623,0.08181886527936033,0.2662824875277443,0.2641244182523623,0.2145204871271782,0.16646480631477223,0.27757035035574895,0.3514312898502847,0.06987035715810563,0.10112885246514036,0.12913413841717536,0.17878692136858643,0.20527252310882504,0.2337798282449275,0.2824594697056917,0.08845476524652351,0.38558090106638976,0.16182020580103118,0.21140198892783135
2011-04,0.21250923193786986,0.16248488619331347,0.07962429455188125,0.2648702765751112,0.22149073556424637,0.06055172924885288,0.13452641163679013,0.21804113440123873,0.2154056964036004,0.022058730202191068,0.057550462167823335,0.12924190078961417,0.13718525983597707,0.125975240655678,0.2464704011692167,0.16649564675035045,0.0735242613182967,0.2928126161945446,0.13870866969996443,0.18127892173576243
2011-05,0.2222933056456935,0.18609985986460775,0.14868104299118468,0.24543182094062077,0.1757154081038912,0.16882824512838002,0.16114320789381553,0.24286383216202667,0.2235221303375221,-0.04421614316058975,0.12995164895888056,0.024532827699104587,0.17214207340682686,0.1184672882392459,0.2322977056457185,0.14765988134956576,0.1355361273969593,0.27260079416886684,0.16998731799887112,0.1572002370171801
2011-06,0.47144762208173674,0.4901411663204409,0.3898302280706063,0.3545449918927335,0.39979481933132877,0.44058619346624006,0.4334543482136537,0.5165421721186811,0.36797855280560454,0.28367964906628296,0.4271210675423822,0.12201200192137152,0.39456421792906293,0.3891216252091654,0.5670795288224579,0.33288066528937943,0.4662523518730597,0.6055598411864673,0.4458869575090696,0.39719480364269644
2011-07,0.5038157880804066,0.4671898500312386,0.3376001278406384,0.3835934424900529,0.3497570952398812,0.402747724421634,0.42744927737716054,0.4495554836266602,0.34305532702865116,0.2775668888326348,0.3702804505097783,0.11195367515152888,0.3541070923071383,0.4494506461575296,0.5664234352370181,0.27328819252258696,0.41351480527580176,0.5378707541072898,0.4058964004490522,0.3899251714262324
2011-08,0.2959426670745886,0.2781485826743766,0.1551454046260976,0.2440001241563292,0.16780454563646607,0.17752513650336743,0.27851572862918306,0.3350125922390994,0.22304030769247496,0.1890753587977414,0.1649120180511341,0.1066617433253414,0.17627417704274495,0.32004020927177956,0.308805148926911,0.16427701775595227,0.16784480206039532,0.279041431541847,0.28353977218677473,0.19402223528868157
2011-09,0.2975829278070956,0.2995707970390773,0.1556253154713929,0.24831428207364015,0.19713637543321005,0.11296270357171889,0.27157762454745393,0.3649906315945377,0.2256875810857486,0.24180275023587217,0.1513446182938254,0.179834149726658,0.2043680842297797,0.43643407928509603,0.374605577138202,0.22131046331557003,0.15117189086346672,0.30385480819531474,0.25998049289752023,0.2277378236144223
2011-10,0.03165937583813383,0.08206464366152422,-0.030520503822273448,0.10490812194262933,-0.08031608834902626,-0.10555639745450573,-0.004958566583923463,0.014312260390132003,0.011995770350742285,0.05034780557061769,-0.1166451708431615,0.04353032870233586,-0.052073703765476376,0.2541043852787317,0.10977662461262772,0.019037972533545444,-0.05220146468711784,-0.03085959726422094,0.11007389535544343,0.029827787896991476
2011-11,-0.21373954441733234,-0.12046472024780785,-0.17402111955652633,-0.0931113325002858,-0.20793994440165464,-0.2703065011404997,-0.19723165127880538,-0.1779811087113623,-0.18166687146635407,-0.07680435956791087,-0.2649594959257414,0.02488298054406557,-0.17251978431012682,0.03473425712281264,-0.10694707631276534,-0.1565838823212451,-0.17795647977232,-0.16714496639894005,-0.0499882910142333,-0.10305958651671276
2011-12,-0.10109650863452546,0.05876202130012764,-0.04904676006821218,-0.009549292213966276,-0.0867304970414019,-0.09660424390102884,0.0020428328638926185,-0.0014734505924991481,-0.10368463223420732,0.11691932646606351,-0.034243252999844986,-0.006594634303377367,0.013749668507290203,0.13819691668945766,0.12018385891258299,-0.04637013321389494,0.0951822584176516,-0.0068941948497415195,0.06120221799627368,0.05080687657977778
2012-01,-0.2971814189953781,-0.09946026128413565,-0.12439649674208131,-0.0991544753829936,-0.1552049347518556,-0.23757564350321003,-0.13467915410380016,-0.11447752111122722,-0.17602782107963744,-0.019638510570809897,-0.17928332021385363,-0.11114417632351314,-0.14028619496632988,0.009348440667357405,-0.08718023227788019,-0.16200285600536302,-0.07742093982071363,-0.15426923738868836,-0.09045312120562565,-0.05508234886216312
2012-02,-0.3232270083373897,-0.0957661181656212,-0.14370684278222867,-0.12060743488964965,-0.20462876557989784,-0.32352086120226076,-0.21767184454236355,-0.19405093502455528,-0.1820280121089729,-0.03053353979628526,-0.2836353537300711,-0.10379606543057007,-0.17850853909256315,0.003214112194635854,-0.10600314240308095,-0.17346034183860637,-0.20195640524436365,-0.18591837654161936,-0.073607965121261,-0.07623722164883118
2012-03,-0.26807414431443144,-0.05312336862053335,-0.13898235241717072,-0.12960754487868376,-0.1708970226752723,-0.2352509735756103,-0.19368054868475781,-0.13719910630592203,-0.07707714093158469,0.013617085963754105,-0.25705410525994365,-0.1079012079880024,-0.17145132480484493,0.10266137477712811,-0.12662870039172647,-0.018668535187344126,-0.20688067032463864,-0.1263633347295532,-0.08011302654355312,-0.06912588386321783
2012-04,-0.2357076456200189,-0.03761450264952804,-0.09974272336995571,-0.1000864801176905,-0.08341984109702438,-0.2098348088162092,-0.13839237809907812,-0.07718712045677123,-0.015396652825527601,0.3793446779563201,-0.22043001185726507,0.011416638988298144,-0.14487813956342377,0.09847771940050509,-0.029272654608203053,-0.013111518542373357,-0.2037420896769323,-0.06779741582610699,-0.021147107131104348,0.006824894780169011
2012-05,-0.26416258773744394,-0.11045205236848499,-0.1350040159446061,-0.13964311835427545,-0.13180365437244923,-0.2602347738496915,-0.20030095467734743,-0.1503809380810841,-0.08154375028049188,0.0793881310027813,-0.29260844007880227,0.01763580308799817,-0.16920059011320898,0.03836152317084429,-0.11342974087536217,-0.06007496166644932,-0.29520314859138386,-0.15073419923729048,-0.09117914710270636,-0.06915305159246699
2012-06,-0.26769052391783144,-0.04956121122877388,-0.10781842787429385,-0.10849978309975039,-0.07780057949904251,-0.2395615764421679,-0.2243427995654591,-0.12776716445356606,-0.0785360043004637,0.0251604976270432,-0.298312000290346,0.01660151525073017,-0.15944594770757747,0.028543698066294754,-0.0871575541389985,-0.04079934159097953,-0.34446115239450836,-0.1411271200431422,-0.11157394577008672,-0.03421407270649024
2012-07,-0.3626509567357409,-0.1575369560386518,-0.1551324954104455,-0.1764815107369052,-0.14707922655377836,-0.33788654462234424,-0.3141589846868428,-0.24602139351824837,-0.13713391117206075,-0.13140316408398178,-0.3847246466361689,-0.09084256018759718,-0.2278924283530699,-0.04600818150442754,-0.17757114929030815,-0.12711770215559293,-0.452627374905363,-0.21030115665632887,-0.1706911571383266,-0.12211245139526106
2012-08,-0.2888653675071071,-0.10740748352632712,-0.03522656945800362,-0.14098935385059164,-0.07198819500452625,-0.23841926255132928,-0.2067372187278762,-0.19040834391553352,-0.1262061941625573,-0.028432335605697023,-0.25045833930090855,-0.08446097431199118,-0.12956371375434317,-0.05507051472847546,-0.11002307780704701,-0.11642593812458024,-0.3033492703038646,-0.11257428232407318,-0.12549834448363106,-0.06697052328737396
2012-09,-0.2224611430595238,-0.0016340491388974199,0.0310555746250345,-0.0840329206977386,0.11665121776477738,-0.19149914689025438,-0.11701243116326443,-0.023561313051270627,-0.041358190484135915,-0.08192654403347233,-0.1689675735066516,-0.028476198108510764,-0.008720971396451005,0.029168147986836646,-0.011802076193348277,0.045647460907951576,-0.2836363303944034,0.06320812563543554,-0.04083573536138074,0.0280706098127792
2012-10,-0.014697723796076922,0.18655633776463287,0.20020147523686505,0.12112736962116566,0.28032084285998105,-0.00486345849140668,0.09023201462768737,0.16520342967846524,0.18215932986930405,0.03323565528278638,0.029560474392558156,-0.029257479814897125,0.14383436893350776,0.1800638126213716,0.24196054792968713,0.22364810350964204,-0.12847126923804442,0.22776680561008011,0.11248670503245406,0.1740487151136585
2012-11,-0.010257723126701368,0.043128684840286535,0.24343485841214707,0.045094806507802954,0.2295456037124739,-0.07783955063285697,-0.007108380821869931,0.06928016835323003,0.12735444445597954,-0.0036821821175686553,-0.058295106919772355,0.005531227630489299,0.04747150580516024,0.21221084043398641,0.10366714207476257,0.15399155809593146,-0.13796014082227692,0.10981494330794694,0.0707308940863729,0.08782868812508626
2012-12,0.14386724681792096,0.13902440849170494,0.27484633665915714,0.06295510457235554,0.20160688303004415,0.0019449550467951493,0.09041059960343989,0.14303904284247904,0.2275396164528698,0.002201784223657244,0.047858139067974204,0.025278256103282493,0.14553977324557943,0.3032222536905438,0.13374419545770277,0.244912105097429,-0.03504113957514743,0.14429508632100196,0.16243333885832634,0.13324833953649518
2013-01,0.207983282585944,0.17043453925391105,0.32849435525610926,0.07429991916679479,0.25509968738587463,0.1233697694969711,0.17671350821479948,0.24603308163731774,0.2532147610872426,0.018898560794418318,0.12086962081336883,0.02963338452493991,0.2063221067069061,0.31850663657765277,0.1616706418094307,0.2874200609844577,0.003323261388938903,0.18577766089327685,0.18609785786265665,0.15111896923790402
2013-02,0.16164515393276124,0.10264834231529973,0.31417096598111116,0.03471300731180471,0.20626677773823876,0.06928349958800939,0.1465611909872191,0.1765954058227126,0.17694815216650817,-0.05110777370886144,0.10546175294417126,0.024401808513069945,0.19131379262212334,0.24964227204832157,0.14190036030622055,0.17450045881853526,0.04702769437739951,0.1539743486994547,0.16805878359311865,0.1273754916447618
2013-03,0.14405269670764165,0.12052394991049109,0.2667618492448922,0.02169648989836026,0.19048445409366654,0.06276046502170862,0.14194272436310196,0.1593246817312981,0.1677728719083189,-0.18105161361497268,0.13733299168582636,0.02747006513760164,0.2120813660794867,0.28808341615918276,0.07938719828008178,0.15791083599880396,0.09820287534026839,0.14027544765562938,0.20085068891858238,0.10686221507199911
2013-04,0.10532773097938963,0.1824180274880436,0.20467615463753752,0.025471230624585672,0.18304617573492332,0.04876701051967691,0.10749394774161991,0.10354606880864026,0.20003646429237554,-0.03620947636051797,0.04131763435553171,0.042560556976488195,0.13075200435119427,0.24306471994140177,0.06938566962310566,0.15860371173591337,0.0986633377617947,0.17251914845784877,0.18117229292381842,0.08825855264073668
2013-05,0.07553056069980979,0.15836766572229455,0.2546083559788286,0.03580884857977895,0.13724636288997005,0.07826943088487837,0.15763754338674985,0.10748851163892503,0.17510989085009987,0.08665244122970828,0.07706768362057215,0.12158259532703108,0.1790236679915107,0.27205569992822665,0.06590551693034241,0.16102419302784066,0.170541990028922,0.19076151470902358,0.20781170025516538,0.08642990824072738
2013-06,0.3062504181872776,0.37606181939097105,0.3948528371840756,0.14553043466535542,0.3350227297998196,0.3681618286276105,0.37651640444526135,0.31516638022101584,0.3222581479419744,0.27218469223346564,0.38743490124535107,0.33123678408687396,0.36246271994698986,0.4813424405925233,0.27050580810473357,0.3257606257496801,0.5428715583203532,0.4146665669425529,0.4107780463092181,0.26612435441018323
2013-07,0.235832273475709,0.15165708857481697,0.2542135248432138,0.10456281923735045,0.2616474347268525,0.3224686472480358,0.3106891006714936,0.3135168710128273,0.27713600852601994,0.2646806059506692,0.2767134953331605,0.20183746715758577,0.313191069714962,0.3030471722561259,0.19146894092146294,0.2041887022313218,0.27118154016885554,0.308363656304264,0.312186787051689,0.19760160442049401
2013-08,0.17029190148050888,0.005261837665466063,0.19187612643582797,0.028632237656404325,0.16281314995319152,0.2599042289358111,0.25481159362109906,0.24489357970586245,0.17633906389223042,0.3598159058861865,0.2145159987422376,0.23414097879774065,0.22955078144723484,0.19389921634712137,0.08049651122070456,0.07479815279650781,0.27793452327642454,0.154170256960257,0.261554542838502,0.12489769052745636
2013-09,0.20405576890631916,0.03949118339242674,0.21956767426295265,0.04174650985812045,0.2267126514092357,0.2741227349624391,0.3048278097472128,0.27066975045130603,0.1793276133998709,0.3604789073030006,0.20999533093030576,0.25773119871439754,0.29388980759408345,0.2253848807720018,0.09243011177518268,0.09646273675219108,0.2820754452240357,0.273325253094868,0.2875048272930112,0.1585090914010474
2013-10,0.17980686490333753,0.028348713096854272,0.14745836197249873,-0.0053954346732824066,0.1978837177252466,0.24173081605772606,0.2655761594885182,0.18421155969552006,0.10354841306338591,0.37251181822319257,0.19210895844176146,0.1986060319257319,0.25129678561391144,0.0902089058949429,0.032370330982102846,0.0008752990134144323,0.17276416192788124,0.19151499349427414,0.23330852384106016,0.12445512800421832
2013-11,0.18746794844167147,0.071587690837283,0.22607029302109516,0.038035331133317696,0.2745675671941199,0.36372542254760853,0.3306573093251499,0.24603879599561873,0.1447336808854338,0.5307556648631577,0.22771665956873188,0.3291787261200261,0.29020602391888195,0.19257593931230854,0.07878309191325461,0.07457538624012439,0.28300467294670373,0.3071616778069808,0.2804520578581928,0.1748636557613592
2013-12,0.18255822519330644,0.12185996894832551,0.24182407033457332,0.07916838156744488,0.2959444896904695,0.3724351068797296,0.33360691592831815,0.2859704740695377,0.13873158177213973,0.5935414348851797,0.34598238914836243,0.303944465433309,0.28503485749034985,0.22199746005824772,0.14765303493814086,0.07203351660975144,0.38010788206410107,0.28181328822565277,0.26978679132300587,0.20065419581663702
2014-01,0.1361702106746383,0.03418236447122358,0.2024279388700858,0.04156706278747491,0.30918642929902296,0.3604251448904945,0.2913415585118444,0.28053192150715245,0.12290348030271492,0.7742571416397714,0.2749247985804346,0.2692664280022439,0.25664180123414293,0.17101075241558905,0.10054579043430856,0.02081113594599815,0.3030804235411164,0.2393723889217223,0.2562970241124136,0.18602063746278752
2014-02,0.05862807669504022,-0.031024841872798192,0.19537116532081966,0.04166913717622278,0.23512639611521413,0.2833769803561028,0.23583524810553236,0.23936075563557568,0.06082921626203541,0.47765944903578283,0.18074623021782243,0.232585960956615,0.19953767617573348,0.1135419158688078,0.05492997969680902,-0.016246383509930906,0.2569265979421871,0.19218438187655518,0.1784980137327783,0.18075452266324255
2014-03,0.09813815877566423,-0.10160184183350518,0.11574257764276763,0.025053555847031728,0.28385007201916057,0.22058971072178002,0.2246339398520265,0.23382961785744083,0.023014943524470866,0.6090756314866295,0.3072407683141267,0.1664904246783896,0.20193776209057512,0.137448213019282,0.03574544821526038,-0.07007681662595311,0.3020990437818949,0.1304792974875406,0.15220268915028368,0.16540435126614628
2014-04,0.19577100466280828,-0.03636209594458473,0.18872583757329586,0.05939082417036623,0.47121149308572163,0.3706244235047331,0.34361466875172764,0.3265676251394434,0.08119246000975089,0.7753754344882584,0.4576863246302909,0.09743207345381322,0.2670332684345442,0.14455794797901356,0.142162718529796,-0.04588939738203368,0.4439227491551059,0.22861943475816227,0.21743669331150972,0.23775173030019303
2014-05,0.11655445254760011,-0.027394546624177396,0.17943248367242615,0.08349954627397027,0.40367907530298885,0.28121601191529,0.27261064154127035,0.26710035957597666,0.04002438596816282,0.7182143999375337,0.39812123910435315,-0.0032608758251150283,0.24853103028567536,0.13981143056986411,0.13346774565791208,-0.04486816388696724,0.35928948974863384,0.19343738412809497,0.16549707544113068,0.16516975663559985
2014-06,0.12881081316831988,0.11780171069796741,0.21938292674929816,0.13069391761748483,0.4340089745472171,0.3156607319408933,0.2684073423560751,0.2340519537524144,0.05098519702172677,0.4927696739049603,0.37539530500561535,0.030473288081385386,0.19444129993387316,0.2500395966094924,0.1689237873542624,0.03217463097019335,0.41533549592509167,0.2082448921961242,0.20969780049609077,0.1942208750338852
2014-07,0.20755941230260366,0.215279514293381,0.28595952876306585,0.1969185771456594,0.5085106876886982,0.41449100680736284,0.33857908132967185,0.3016940098642198,0.14874088109382622,0.49656163751352533,0.48821422025336236,0.06081738549960547,0.2653339497105127,0.2784792367744753,0.316566709951438,0.1042623306583379,0.5179480672846997,0.30205032113958663,0.24391821417434034,0.2649941753122089
2014-08,0.15210735685857735,0.16847498842034492,0.2169873021222506,0.19703186806635453,0.417182387901206,0.3421210772931984,0.20480668979403327,0.21807655092853917,0.12646023437475495,0.31175232028841404,0.34812625875147396,0.10699907029776279,0.17182438035003833,0.22999230260269266,0.21735496195102422,0.0742750627730282,0.38884213082445473,0.16044896745409676,0.191386875827406,0.1918293273624716
2014-09,0.030903777528043186,0.18539439575858307,0.18597574751994772,0.19945133621808053,0.363566098688741,0.2882888206870473,0.1570260706136719,0.15907926718314713,0.17618685733364026,0.2020764618368358,0.26601165256957304,0.143554674916353,0.12944353709353318,0.2526520655775719,0.2024649177047324,0.1642033216868488,0.36377328958889166,0.1478055723929257,0.1575673271752689,0.17288871136540673
2014-10,-0.04176809217815569,0.11812152398363418,0.13806090432711904,0.1824534237121458,0.275336109898362,0.13188314916593602,0.07176813992958375,0.06451769901860516,0.10291181926078119,0.0720278919957118,0.16536289438237306,0.030691440137805337,0.08665432760228775,0.11354317202898989,0.17496668896652334,0.07587094482180312,0.18312511452854752,0.06319994864311074,0.10538057813383706,0.11478861702518084
2014-11,-0.14104228712773936,-0.057032801903862174,0.06218294056093665,0.06737669504285893,0.22422861781724102,0.05036579544235087,-0.008313006788878141,-0.03716727289370925,0.0072077092243894025,0.049361132356830595,0.020816895456108542,0.022423585408934743,0.024184978501840204,0.021591337866085247,0.052897950909804425,0.016879799358840986,0.05619481841673113,0.02294563278968509,0.051401645712025656,0.022671589551594762
2014-12,-0.167217625715267,0.03560750134866697,0.04552962008581063,0.050322845531607374,0.1607824183773343,0.010217937137705357,-0.05162285458232063,-0.08503009668325912,0.0526990242628147,-0.06729602841576676,-0.03299153392542176,-0.008445469585098841,-0.004436581694128416,0.06911453318887562,-0.03606279491714204,0.01977777741299347,0.014255496261155853,0.0034059943169602036,0.03582609935976033,-0.011447746868150421
2015-01,-0.13650580628871112,-0.017815445665265273,0.06262964000204962,0.025724397703869917,0.11218373194863962,0.023861456201966336,-0.034193220558427884,-0.05989405063013464,0.04780032583307703,-0.16253658852292596,-0.03634920221040294,-0.016707604348996208,0.019745965487430794,0.08455954736765303,-0.14868679047440725,0.023363133737398956,0.010896707240713788,-0.013656438288871198,0.053100088978054405,-0.03473824497858646
2015-02,-0.19093934485800368,0.005640936275482122,0.09157373281460557,0.045335088599289364,0.03525316941677725,0.04051049465439527,-0.03680323783994566,-0.05293538482474924,0.046049797983716,-0.22649140364853004,-0.104480295163772,0.0015613264262892557,0.032070798491219854,0.08019233646192969,-0.1448122701516299,0.060805880195314854,-0.03930560723841969,-0.01580177384515702,0.020307541324513734,-0.019821837438844914
2015-03,-0.25840672269803466,-0.07955737008935648,0.03878657957724685,-0.08249583006583094,-0.07499743435497719,-0.03971069813285133,-0.10894748383883535,-0.09799956999485138,0.039451376243591296,-0.34899707886961406,-0.16069940126300497,0.03468493683986473,-0.02465028705934358,-0.010855985476088126,-0.21824067626740418,0.021699248327446963,-0.12144608037622107,-0.08317410497036815,-0.03968817748787756,-0.09611984860119815
2015-04,-0.16430704490236892,-0.04897024466205313,0.084374660069366,-0.038761948548003966,0.008293083305148663,0.026715181651968622,-0.05167252422132962,-0.03745957343112283,0.06034220680061897,-0.284294850518071,-0.14254202992682175,0.10307741216696575,0.029889125855535603,-0.00842197597602945,-0.189332188293028,-0.010477127689086596,-0.09101849059257838,-0.011927732900984256,-0.0012104555826655261,-0.005582184429629544
2015-05,-0.20216935527546276,-0.09080467319353758,0.023607258580882418,-0.09833897284872817,0.03918563675687792,-0.024257200099782494,-0.09992076421708662,-0.043856142423397526,0.06634533610014581,-0.17447140116487325,-0.15102583293536198,0.14878036377081472,0.03717632274322247,-0.037600532006558995,-0.2581042963444331,-0.05040875472349571,-0.11370506850252082,-0.057337260890808706,-0.013669572775574013,-0.09087582338870859
2015-06,-0.14044009518323053,-0.07584072075948323,0.038907664049672164,-0.03618016159979731,0.07870425293145322,-0.04020289415823619,-0.055417243623372525,-0.05428167957379071,0.13978994881580586,-0.11215584498168996,-0.09991702020237381,0.14501858659964917,0.061627411827423595,-0.0108890365683737,-0.2003200553363349,-0.0029385003526846143,-0.09702371927942077,-0.03043339914633858,0.028549953903711955,-0.0342306024073632
2015-07,-0.16934925067613105,-0.09953236661223452,0.026393175995361062,-0.1266693987465889,0.051910699220853784,-0.049290975993676045,-0.05216072225683377,-0.06244424235547019,0.14330187490797286,-0.019748180231646706,-0.08651673039148466,0.09140169128540987,0.07013050886668237,-0.08731191971909746,-0.22546017374085947,-0.042741155516194396,-0.13810834315217513,-0.029155972794752683,0.040815455909378295,-0.030968840261922592
2015-08,-0.12793426665802377,-0.16475703449331747,0.06467307567307135,-0.14613546661113808,0.056674885609501846,-0.05249626796263873,-0.0256645798040388,-0.017535602871211142,0.04290263059623811,-0.0026702784370921107,-0.058293567263171586,0.07590775285060247,0.09690064352195571,-0.13535789792900688,-0.22626614650491683,-0.09092033171543745,-0.12665106492219036,-0.029458636421648365,0.037352563978716447,-0.044058536000817994
2015-09,-0.08787816989331121,-0.18563398275188192,0.0582249238032142,-0.2039170290114014,0.11684561086470047,-0.012586262279853044,0.013818420555234523,0.004829278690299699,0.007310840497134485,0.05305270315643873,-7.057150878897467e-06,0.10618411294305408,0.10302497858716797,-0.13266187045322686,-0.25841554006049394,-0.12842331499755077,-0.0859350824032945,-0.010958150519852161,0.058983206603236304,-0.03291303014253133
2015-10,-0.061155083100008945,-0.17160741507891553,0.022211750617064707,-0.18506220781447913,0.09167058092203106,-0.04102901630391265,-0.009677890792075039,-0.008948472566600696,-0.0456601870279395,-0.02029724248163467,-0.020908548989118647,0.059221884353538146,0.05189359806101668,-0.14902501602540996,-0.2903850699856877,-0.18909751508238715,-0.11179863342079566,-0.021582024961696367,0.022665269340121252,-0.05157951210476286
2015-11,-0.08674865829370215,-0.23619045924381943,0.0161582197271537,-0.2048263963825383,0.07802885772245705,-0.06598508991633834,-0.01575601462888676,-0.04981865236730809,-0.11581490402294137,-0.06224022191662093,0.012009091027844532,0.015650748353285282,0.03344873121765901,-0.15219811477833223,-0.2525693397245661,-0.20514602665844905,-0.13057843525556034,-0.04557108438398583,-0.0095349086833042,-0.06968985941778327
2015-12,-0.04897318031587239,-0.13236851696535612,0.04305709471136088,-0.16995875994055243,0.08030295174678392,-0.0210150110824302,0.017489053396580356,-0.023151952936258158,-0.05284101277460018,0.0784129832652678,0.047875217101106315,0.10911865757455441,0.058448348144257034,-0.061606045330171444,-0.12808017029098073,-0.13600407442283224,-0.09047612131445104,-0.02523630099810903,-0.0019403496020634625,-0.01380289337148799
2016-01,0.002703108527804643,-0.10689432406193489,0.10501875974149155,-0.17258225896602586,0.17711240817100582,0.034374120794206986,0.031062643686810665,0.011825737665423608,-0.044420500912435434,-0.009577144292963968,0.10136121840381707,0.11593678093563908,0.09482907537538465,-0.08557252144293026,-0.08453470624271664,-0.16298472228695504,-0.06424357862354158,0.024645212766467584,0.012792314835343488,-0.013702168511246171
2016-02,0.0613308153483223,-0.05625337083904691,0.07484869838438302,-0.15509652456944722,0.19348067765292232,0.022757664310063985,0.004024107911595909,-0.006766610513768367,-0.0736476126475365,-0.04977422253714081,0.0683432655813816,0.09096203542477022,0.06457793783134647,0.029231930310790633,-0.12465580666750442,-0.15751898056992175,-0.06541792259515,0.0044786221878374555,0.01660282057432738,-0.038229995699502695
2016-03,-0.11903485270072689,-0.19196410102235195,-0.0027918152768620086,-0.22256757801613858,0.06306502285643134,-0.05325481574347135,-0.10077555748328437,-0.13574697973391348,-0.16694062735540038,-0.1924693265622477,-0.12315877793789676,-0.04369905895922155,-0.03761676316182028,-0.09932489028977332,-0.21232305516514438,-0.21535288435255673,-0.18545921246210106,-0.1439315054670085,-0.09053651021345577,-0.15429008933358257
2016-04,-0.09189179915490542,-0.17262392475465216,-0.02500480322914922,-0.16485810956616986,0.003020402750712581,-0.07508569133187815,-0.08553916058297018,-0.15930574903322858,-0.16397863847488614,-0.19084979221574838,-0.16171280389046216,-0.07685959257291441,-0.05123676079247197,-0.05531976611362066,-0.15389373634058934,-0.1850348253878572,-0.20614492025808506,-0.09293809571289369,-0.10971358001997522,-0.11860764001255719
2016-05,-0.06741471744960525,-0.09369553989414192,0.021971460030852707,-0.14918125222320622,0.011514913726525133,-0.008560318752585339,-0.08242462981485144,-0.08391128000720882,-0.1751478777863642,-0.11118181750213274,-0.13310478085145017,-0.061784635682859745,-0.009544938774679657,0.061358372384657134,-0.1934763374012647,-0.16091757740876367,-0.17113206443428064,-0.059116633437230504,-0.1114093636770801,-0.13221191872143712
2016-06,-0.012875896577858259,-0.04376962102294546,0.03524912241382383,-0.04707233837366187,0.03545369427600953,0.005406430631057058,-0.05432991102280427,-0.05738755314772925,-0.18046054008758172,-0.13499344370259914,-0.11763831842239458,-0.02072141856655718,-0.018678034297063273,0.15793824350200492,-0.09668349346110228,-0.11221302245010167,-0.1153576142806394,-0.030356838224481875,-0.09205009055457647,-0.11717747517884225
2016-07,-0.013182965461129292,-0.02064712363534993,0.060098428455493735,-0.04756384222224175,0.07980451343856454,0.03240965818875452,-0.026080598517305154,-0.04302522012993715,-0.14411312526014708,-0.15691185193897794,-0.11727606380612576,-0.02624403695127764,0.0159379169131304,0.2360698842617952,-0.08463927337391697,-0.12611024033071727,-0.10928289460828122,-0.004956622344291617,-0.052742849534354264,-0.09236428159537935
2016-08,-0.08897344132548879,0.0003907535345055724,0.03019688064549575,0.014273579810948567,-0.01308967388978688,-0.011520538568526195,-0.11763369333294449,-0.10067658435398208,-0.10760864638769685,-0.29993210645342605,-0.23035016894177274,-0.05762748478852808,-0.07184086082912033,0.28428317865443886,-0.05963614540399598,-0.049522770357591894,-0.20622049827812494,-0.06483255005754085,-0.09344780079244064,-0.1621892910589341
2016-09,0.012368253093829384,0.19956106845356003,0.10289486196061937,0.09412426364866122,0.06896574515805298,0.12589424199748356,-0.007983321358572715,0.016331853254212714,0.0590100009756116,-0.2354173092676365,-0.16011841374265456,0.06105196318437245,0.03639984893028059,0.47632552312613097,0.025608429277260036,0.08085951223912535,-0.10561121581718858,0.01806128633848636,-0.011130354952647248,-0.06577528174865876
2016-10,0.0857313399278794,0.21762862375903058,0.12974224099560994,0.1497811377236795,0.0658864199662399,0.1665878097747331,0.03957201031588564,0.09407224927598823,0.10145724960518177,-0.19040004517121611,-0.13158923994286853,0.11583269579501931,0.10813158071781825,0.47966990282000443,0.10101605440241035,0.10380175701123351,-0.03566274205954145,0.07945244582704025,0.024212177948388813,-0.016661864851206465
2016-11,0.058995244096086585,0.17295551338593373,0.08855590512257816,0.11806075066930188,0.03276444821508351,0.1220937869631693,-0.01681254326827475,0.016479188343291318,0.05543108540030417,-0.2004180468076565,-0.17934723963065602,0.04970246274753576,0.04156537268883276,0.3141096767813152,0.09934705801487476,0.027768631102364827,-0.08214550946704058,0.04949634924428015,-0.0025226997460841005,-0.07524214341570923
2016-12,0.08531702910202577,0.13436991659297526,-0.021588042204046087,0.12366420538780387,-0.05078257957915344,0.062340599059953705,0.003209169827773639,-0.0035274456964353718,0.09427392547049984,-0.1855040114543114,-0.1503168894529857,0.06694517147055246,0.02127989108039663,0.24003974256079363,0.09813352889915294,0.04719306974142712,-0.04093842879141174,-0.023876161397069606,-0.023412815494721295,-0.10451858699629857
2017-01,0.06313236552979351,0.0902805125061168,-0.0770030437094209,0.22375590706252302,-0.1356802583452419,0.02593079871357329,0.0024900971072334688,-0.03690115969769847,0.08330838658047868,-0.09732318757447422,-0.17137696655038737,0.02011300061173782,0.005774205413603184,0.1300056179775133,0.1683433999116537,0.03904045376779375,-0.06855538503040226,-0.023383766401810058,-0.057513413572731875,-0.06673495283783848
2017-02,0.20189765082649047,0.2028477437940681,-0.026718245575773625,0.27447373497114635,-0.04713842793579326,0.10323201792698855,0.10494353530374267,0.1126932145188222,0.14366620482745618,0.01842771593788406,0.04550716566291535,0.12011324601399287,0.08020274576453801,0.19425342903309128,0.27448926950733665,0.10342065429758684,0.06891534895151685,0.11074103947881486,0.04845560017182904,0.03249121647216158
2017-03,0.2792916620432009,0.26780758164531515,0.035678221672998056,0.275943574934592,0.018910112784583655,0.16210946556779193,0.13506922999545345,0.19001751201720518,0.19566638065958775,-0.0031211739723534526,0.09206157692793093,0.18371589089806828,0.12969279214959606,0.26014729499048306,0.316060914795411,0.15161334303490603,0.13246889311935095,0.14592681351001757,0.1104553115414697,0.07071996256064383
2017-04,0.17217088169592754,0.1631541864373709,-0.016168329295651374,0.14163372494147697,-0.05050422024339041,0.08984836654872752,0.07181956801852385,0.08361875342361413,0.1190098035649787,-0.11038141584342465,0.00958659926568961,0.13881166571568282,0.07265024093517436,0.11526821839251444,0.20024069087273744,0.07288304467165307,0.05011705605601713,0.061307473296338344,0.0768661575568661,0.03307945081266861
2017-05,0.16911923635740744,0.1647404087839639,-0.0019000523033921857,0.07647660103359866,-0.03645897506869911,0.12466987617649994,0.11448637305975562,0.11123162799432595,0.14981131007579318,-0.05551101574435413,0.07535867394762064,0.09289969973075873,0.11661828051410161,0.07039545894470978,0.07163160530714019,0.08165378166640758,0.1087432850012946,0.07173084270604502,0.07707489300124615,0.030867719796915383
2017-06,0.30930198059858216,0.1725974066355318,0.013664668340366282,0.08814241206760931,0.02082139440004771,0.20607006188359422,0.1853818854888416,0.16529336009759543,0.18498718189455543,0.014124304918751385,0.14696099049548228,0.11979605652988479,0.1657247104416233,0.07308462450330833,0.1175681163487805,0.131346222316709,0.19361451365774562,0.1514158547143758,0.12381526931986842,0.06441789092990136
2017-07,0.4943481484696497,0.12583774415487703,0.07804385641861766,0.0706729731661,0.12984011728645228,0.2910492847091639,0.3310916122281271,0.2931076423314576,0.21516431686560167,0.2811044469449533,0.3303736951429981,0.18187307944029252,0.30480627041434705,0.08085159486016535,0.16427883931028164,0.1205955261286904,0.37129542565481666,0.25157060366067685,0.19362237907224533,0.179708058392696
2017-08,0.4369327567589787,0.07689731245234355,0.03447038697744631,0.07441367842949109,0.09348761399014349,0.21716102010094906,0.2586606784691434,0.20543521132729703,0.15347615780045998,0.14829094041113922,0.277046479514903,0.12059651719291908,0.23231011295552584,0.07155915987959016,0.15785861310594362,0.1195991459928325,0.26317430338018166,0.21772166242807756,0.16325534125785235,0.12076816890123987
2017-09,0.4984395313511383,0.15040227637024328,0.1218086067543449,0.11683891287539372,0.18600307452170783,0.248426425614787,0.2973809630245263,0.22145073672137072,0.15972898538561875,0.13720121227723037,0.3707431699482011,0.16177239893611528,0.27763673686955426,0.09514694012851188,0.26790396434176245,0.17976213366151317,0.2985775898856562,0.20881237312146306,0.17846894230045995,0.14182898900718732
2017-10,0.4601740993259207,0.12456316274083368,0.06024791494246706,0.11142915538914466,0.25986753250454075,0.21289475214094566,0.2948197529504484,0.21938952344717344,0.14410709092214358,0.15570069648220497,0.40728144551300227,0.13518851249502606,0.2557697844082927,0.05553826870014533,0.23024821513984817,0.16517700195271212,0.2580488163471695,0.20179269497046226,0.1622680538641268,0.1307973742727555
2017-11,0.46754579592715073,0.14016443979046955,0.17125066480692386,0.16357334841116744,0.31511447087391864,0.28276459097311113,0.3552472850153665,0.3015355155994952,0.1566910105303263,0.25257992506115357,0.438131300445745,0.13776136781502824,0.30809888262209206,0.15526258127117254,0.2747418214740205,0.18823079259316144,0.23961586665710133,0.31088418602044077,0.24456985915355678,0.22846907323177112
2017-12,0.5171411953823435,0.16585570168696595,0.2500037537684223,0.13542146114918685,0.43099168998588566,0.3105558386884062,0.41107364105350364,0.38887683317689037,0.16619678953047567,0.23298718447239586,0.5014566092510648,0.23298936487137678,0.3717324428496456,0.14209719572962065,0.2779125055389742,0.24775588410421623,0.3426610238746348,0.31167729937287825,0.2523293400824578,0.23433463729375537
2018-01,0.4762798773485879,0.1555302723274079,0.19347950940913194,0.1220004036887945,0.32618590194187824,0.2561113824817658,0.3468608086323912,0.321974496307329,0.2477679122786305,0.23141124961858228,0.35090696896920903,0.24904486414759464,0.30576978611051353,0.1725266943091872,0.20333674193070905,0.2866256006359251,0.2559440808078044,0.2186335746429342,0.23540433693432128,0.19435570434457117
2018-02,0.42856370717043446,0.16248930178507237,0.1833773625957702,0.11790747718978589,0.2847150187806884,0.2549905216407653,0.32845781517914197,0.27375966680384645,0.19444148545245143,0.20982857922604592,0.34631066786394027,0.21885610527411936,0.29140530150863553,0.15863651227572317,0.18416006078440317,0.20252619557630425,0.22125423356316198,0.16793416796474547,0.2039977608322885,0.22575220544946006
2018-03,0.5343360423132941,0.16124816985071955,0.2227885001491603,0.14913457972317357,0.3488467020794812,0.31882675401318994,0.4178617659959909,0.3491066754197081,0.22559571711041415,0.2626510567488334,0.48133212570490924,0.26005076759290024,0.33020019147229207,0.208961712758992,0.2915361594238959,0.24184967992799677,0.31153676431608335,0.23833116274428723,0.2390645065969601,0.24723757153217862
2018-04,0.40306309205737145,0.08850071640870927,0.1410948601994888,0.05491713668188125,0.27553840076943703,0.27824746927432265,0.2786826902391004,0.21216386983647362,0.1566016847000442,0.16689683877918782,0.27222837711390757,0.23221054950380737,0.2038096653850925,0.1903414334213127,0.3166352702334565,0.17827707028729023,0.11317415222743477,0.13860949354060415,0.13400816519460124,0.14275375312510397
2018-05,0.30443153821171576,0.05534841032519533,0.09635468509171563,0.06859637666131713,0.17746556324041984,0.18007635010179257,0.1960745457784776,0.15511264553334514,0.10126189117372597,0.10365727681754278,0.23294545011760426,0.2013961510631166,0.14110648641958812,0.19964843340195282,0.2874343894249274,0.15954266392279015,0.045600607812720906,0.05261796003824459,0.06717395133789972,0.10872937118257564
2018-06,0.20234349062545154,0.10463216706318335,0.007841455000153763,0.0964076937716214,0.10573272597556027,0.16032284963195975,0.17532424251398204,0.10744863483262357,0.10438435840525107,0.02303543219106574,0.22358012197390842,0.17106964627899912,0.09958403663750692,0.1388441772680411,0.3082195347298349,0.1652183499919173,0.016696857753492278,0.015905843625362737,0.005773516412582058,0.11363997690897665
2018-07,0.12533510331088404,0.08576687436054153,-0.008558024906131112,0.0785937196368407,0.07606326741135505,0.13553701628164938,0.14438846631490532,0.08714485206446243,0.11444935355947083,0.08652754865972057,0.10745613437398704,0.14513079521932393,0.09080336961088609,0.09987722125443965,0.32299124436686966,0.10472792838153877,-0.03288293188190561,-0.006425058605140532,-0.019577046313560054,0.12121498994988023
2018-08,0.02379715336277699,0.046034817074812384,-0.06282835770831063,0.04011708289699989,0.010958982967517183,0.09204977720557372,0.09315712218336536,0.02136287432202244,0.03557155400355083,0.050673851969313954,0.02888036524060733,0.09179869315726386,0.02218782487827231,0.05979515713372474,0.19668204091845776,-0.0035870681565911555,-0.05117246460910785,-0.037669553617557194,-0.01597469782434513,0.07909187558131348
2018-09,0.06698891335673984,0.06212766041442519,-0.028461260710754388,0.05354861371815933,0.03892084030709375,0.09367646505642657,0.11229358847022697,0.05447059004529775,0.031400784483497146,0.027587858602320825,0.05080180796449296,0.08831712283528748,0.05624360444895227,0.10296914871178586,0.1845115996652289,0.01098095588197645,-0.016952770292507746,0.008632059781300772,0.03691715556175135,0.0914640443247785
2018-10,0.00971431887437757,0.058359723244902684,-0.09196486760713962,0.011455828626474318,0.03548346435660932,0.09562250858855559,0.05648610006566357,-0.018626483226246715,-0.008790285547805365,-0.00171445142813631,-0.06545754754032351,0.06713073110179169,0.019076786049824435,0.09843018102161394,0.12800784680161703,0.0012757021624143494,-0.05774434126298855,-0.030539070436018667,0.026713286681985693,0.016552377560618226
2018-11,0.009018375566764103,0.03576611183869138,-0.1269204813950583,0.021710500247762887,-0.01222617519155933,0.09728203980423022,0.050767496040113436,-0.054249773838067505,-0.029777131390580247,-0.03763118113889674,-0.04046026895820232,0.05472700214277948,-0.01736581283543792,0.1365292928993702,0.19808852485816764,-0.029129930329729325,-0.06327819392728107,0.006781707060045106,0.034639158676686765,0.023899008939880062
2018-12,-0.07576719626905426,-0.057814821617744205,-0.20193958896749598,-0.06577447978740747,-0.09512898139868042,-0.009673644890559885,-0.057687355497021975,-0.14464618272396146,-0.1428758688557329,-0.13009741142127895,-0.14309046547014903,-0.059999851630078704,-0.08023530122256073,0.04182793588936029,0.12629664116053063,-0.11492419549051469,-0.13181422154747602,-0.06197360943615171,-0.03360105983276507,-0.05119510302673347
2019-01,-0.11860825329271074,-0.0934466822217096,-0.17877603982735424,-0.09799846439441307,-0.10169888479119338,-0.05625642670279285,-0.08041405073020125,-0.16083476976275501,-0.103850549481183,-0.17535993461293653,-0.13999289109088653,-0.06268980666291168,-0.0790583210981286,0.039583668536596894,0.02413304569763719,-0.10247439219776122,-0.10915756166614943,-0.0816375662046217,-0.04920194832448932,-0.11158925971068634
2019-02,-0.2543634051249798,-0.1545764920291457,-0.281224682503172,-0.17484259005990943,-0.153938789552589,-0.12282238737701934,-0.17263934192836972,-0.2490969981934913,-0.14708922320885354,-0.24831312404748596,-0.2392485279787978,-0.16608871337460296,-0.1816266251192905,-0.029456624857125413,-0.11096698813702,-0.16379811905259312,-0.20760600973504373,-0.1608606592448587,-0.1364728279122599,-0.17340744632328842
2019-03,-0.14652633336379695,-0.05885658260654281,-0.184299373953683,0.003399233569683524,-0.10168613210866484,-0.06077599473811213,-0.08474741087433602,-0.15127514424752886,-0.06910530049288865,-0.1676025197104265,-0.12814026529909905,-0.10990320115516117,-0.08263053951890187,0.05178226948820153,-0.0301048291792938,-0.08510284318913264,-0.09440686826862121,-0.058697619133882606,-0.035446091527193024,-0.054895453795078764
2019-04,-0.14635628481495522,0.018208773665884692,-0.1656880520004702,0.04031493967319477,-0.05619731572996123,-0.03567824729489355,-0.04150133498320696,-0.1324545144455388,-8.295737488606125e-05,-0.1243178507353686,-0.10754447206249196,-0.09366055884047442,-0.038189861020968774,0.0638128007186709,-0.004097559477851287,-0.07494039875318426,-0.07134314143874043,-0.02548082935523155,0.01798744474665659,-0.022774747506626447
2019-05,-0.15090241794445758,0.015897175423428944,-0.1095897002678029,0.008344285429579656,-0.022921306916169448,-0.06925374738907897,-0.07424222202465591,-0.15142429304527494,-0.014608416997694218,-0.13768571859686263,-0.13042794713781292,-0.09411192310400007,-0.036003064540490404,0.13553534319748373,-0.05914649087765811,-0.09161219867823622,-0.10672572983644368,-0.01667670113218067,0.04941881812865634,-0.05312568517992533
2019-06,-0.06285640938350312,0.011210106880688242,-0.026439994723297278,0.01865374332229286,0.009169265466918208,-0.042323525866833966,-0.0008781304613919572,-0.0721832573009138,-0.01108776425969471,-0.11503565335981059,-0.01870809398863127,-0.07121051555783764,0.03835455520098585,0.10095726130429461,-0.043107616382600855,-0.010797138756723612,-0.00622758425497949,0.03545271382493209,0.09679664287487078,-0.019612235094027985
2019-07,-0.09974500087436822,0.006584904045199513,-0.10662560799170995,-0.023815623900802163,-0.016274552587077218,-0.0720174159352045,-0.04162138381445768,-0.09808117113620307,-0.0274670469911249,-0.1539787722096182,-0.08806565308377423,-0.08034147208691567,-0.01889963663508898,0.08854251521833678,-0.10898921683741436,-0.01470160919261021,-0.08275389454767346,-0.01896738619143523,0.08540219867759591,-0.07054018535896389
2019-08,-0.10643324641506735,0.038275888824269355,-0.06589398591331286,0.01294565887080612,-0.027182046649559588,-0.023708952213437384,0.0030930150744479246,-0.07601747253932312,0.005433515478748152,-0.11312687801418964,-0.04046030875610784,-0.05643752154633763,0.01244664421272823,0.16346112856653083,-0.08196488267115132,0.053273477184646145,-0.062484253418092384,0.009665756121481017,0.0950084419662347,-0.03921007924746833
2019-09,-0.08234563305344178,0.05823663981478777,0.025505055398117094,0.019099642217530244,-0.047047457023781214,-0.06359295594184089,-0.00931470548107105,-0.08909940429161345,0.0021224243502806495,-0.14343818294735966,0.025322996890882354,-0.04763863349899078,0.03317828393224298,0.14835124377995257,-0.11093972347464787,0.06079609155082588,-0.059241274420482104,-0.013441531056590406,0.07803156689699109,-0.025790666137103457
2019-10,-0.11806082419975072,0.02515344771764272,0.015346301366725212,0.002896130068588132,-0.0025012716089520826,-0.08020997951052777,-0.037351118921840065,-0.09132495802234741,-0.07145678889286489,-0.14876616439284573,-0.016194130995713096,-0.0831821036842747,0.05233683869764971,0.09420636269453553,-0.1944293121410633,-0.00638137285186946,-0.07779834550681064,-0.07566986728300629,0.08900638679988337,-0.08084967606153515
2019-11,-0.02855827814485712,0.14633235885911877,0.1571493658369214,0.11627270118830069,0.10678776651057542,0.04854230287512906,0.08754749839007658,0.013147844618143445,0.034819136417179264,-0.025836947880638617,0.12875773272631608,0.04153798819871013,0.16558312406474474,0.20055291882581927,-0.08856737062369158,0.08221199783297028,0.02900184610007761,0.047738147774796236,0.15027369216515685,0.03253268005077925
2019-12,0.04524470776959455,0.15120025254181124,0.08645099544711932,0.10947770719843075,0.12636821820116584,0.12311841376377997,0.14974384225225346,0.08783007989002622,0.01253042476936761,0.08741650888430974,0.17585047655291675,0.08173589175115925,0.16352055070324578,0.13992803893767514,-0.03735786213546488,0.10557517567033381,0.03725560247102622,0.12615184007871716,0.17570745764474682,0.09302811317818027
2020-01,0.1332701156891023,0.21105115127262652,0.18576483062066718,0.23553284999374324,0.2047964783257601,0.12459769840196944,0.2183674218979641,0.17112048097992716,0.004162404729951774,0.21504486755862606,0.23298806391777416,0.17006932655623963,0.26386879150739206,0.215876504016548,0.04217016607896906,0.11787674044109342,0.08899905806386044,0.19271837224072041,0.2582631871161696,0.16249349461690166
2020-02,0.07486384206256536,0.1483930559098685,0.12184894856609185,0.128366493996235,0.21904414363044955,0.09198405255745778,0.18704455434066247,0.1347200427898092,-0.016465884398500052,0.21180443929958814,0.16484503047628496,0.13441747522025915,0.22346196065196144,0.24528256037026064,0.050306823198648765,0.08505370797190337,0.06863150049292877,0.19451785304749514,0.24872185489159193,0.14636879430989014
2020-03,0.029792360239025095,0.10871280804306416,0.07146717090348309,0.0915075457186989,0.18267216573882616,0.09080434085267153,0.10363122864445784,0.08134646420675651,-0.11252807651806584,0.11112791078743611,0.10486900883535522,0.10923078695123145,0.1449735179256495,0.1939723634192192,-0.03599857745099444,0.05113562042619213,0.024677775283688197,0.16156888261568558,0.21414223579144887,0.06834833499104209
2020-04,-0.06237816518493455,-0.021156203108794513,-0.11349774441871374,0.016909294732992297,0.0809418753317892,0.007540153000838101,0.007038827250083868,0.009482755225991513,-0.1359703997837639,0.019857488479951613,0.016557601412733547,-0.0045109648945904635,0.047855732600069034,0.02858190271487393,-0.13997093631806268,-0.023528378008843,-0.03162434501170841,0.08449303256548069,0.09355718251967349,-0.06968717406102565
2020-05,-0.32353980252724235,-0.283725742314325,-0.26492631814113954,-0.22316679995582056,0.0019054932410849101,-0.15489897970793043,-0.20750839718405278,-0.19838258170181922,-0.25687644055769343,-0.205093822964869,-0.21799437254390208,-0.07196347176089046,-0.12719991244502793,-0.1496131299579967,-0.349372249216115,-0.2540620958719024,-0.2569843017399197,-0.12881412496917322,0.02420336945196233,-0.26149397699371046
2020-06,-0.208830332858437,-0.16524105839388992,-0.17959477144629887,-0.09195209459624554,0.12356618936644437,-0.0256108073052016,-0.12344863855203148,-0.06249210368764302,-0.1494176808357206,-0.07558806434081833,-0.12878071088761467,0.006452687466677265,-0.0044782593687923145,-0.03975289644429414,-0.2363608423817739,-0.12160359260057485,-0.19838113418924652,0.03025333240152328,0.07263850180057063,-0.15927072601688497
2020-07,-0.22135724918876587,-0.14254873691756953,-0.20696474195062797,-0.1061121838497775,0.1672813664515207,0.00331780680402205,-0.14111316728849221,-0.03922406903252762,-0.2452522275761343,-0.04215074354942239,-0.15103520582344376,0.04420814733948952,0.0112147867597161,-0.06382394954805759,-0.20619310502069343,-0.17707613831760993,-0.19868788588380737,0.03403546651459788,0.04531915499497141,-0.178922247138268
2020-08,-0.20407512063625188,-0.0907764800148878,-0.21889576182987003,-0.0631091266718582,0.2165474007102577,0.04192283352672832,-0.06978173851694824,0.059363199979224346,-0.1535291374219897,0.021353625347228178,-0.08146066346388059,0.03476815713405634,0.08955188115180279,0.017830161710460146,-0.1585413244242695,-0.11488373624942372,-0.13992667162395478,0.10915815923163907,0.08742316699204356,-0.13883055998681615
2020-09,-0.17265918065726393,-0.011996606694604561,-0.15303715540156015,0.00027741125905755837,0.3146036027280952,0.1693022314666106,-0.02980698226991696,0.1263909766898197,-0.07485670302192904,0.13567789407219966,-0.029527790663994358,0.024843576121664768,0.14652551547520543,0.12121764968877491,-0.04764267665838495,-0.046266453910358885,-0.10759705110890039,0.27366509698614006,0.12214432179522139,-0.08580929328738995
2020-10,-0.14825384675334863,0.03554713882999838,-0.13673661361627953,0.032411690484618116,0.38247967021199725,0.22582645115893984,0.0028854438113701253,0.17629577197150947,-0.016480160982612846,0.14951180827483013,-0.02046413348953624,0.062300588618176445,0.15559382587003934,0.15325243967988245,-0.0033598067133087106,-0.016397296272665396,-0.10551564481411024,0.31627842736857614,0.1506375717832773,-0.0794912158365062
2020-11,-0.23579689353764433,-0.04194832509463786,-0.13880054894755078,-0.007599445311271769,0.3493173434622283,0.17088711672531431,-0.06618887240168125,0.08074607285817326,-0.09769169051408777,0.05573782822356321,-0.09798406760446343,0.03375663759480085,0.1148510063248871,0.10981736855314939,-0.06938234285395084,-0.07724936639234303,-0.16610274621340693,0.24688994797055197,0.10986517544561591,-0.157065671275605
2020-12,-0.2545578914224228,-0.04925445354543645,-0.19648732372778333,-0.06073615725430159,0.26638974107827806,0.126340566498792,-0.11805199655246612,-0.020500984192989957,-0.08824679662414392,-0.01875558989602666,-0.17716563666749852,0.005825595037357356,0.08007663739776882,0.09669921207303789,-0.13696754628685281,-0.09192697250915127,-0.20746949911566048,0.15572841135810234,0.03508083104464732,-0.2066936874997699
2021-01,-0.10240610842713616,0.07580429017813839,-0.05392484947507892,0.0359420477469774,0.3287224934422599,0.22736729670001998,0.03629746000742462,0.10441952211313033,-0.024913545437173945,0.07711042400296719,0.0031605648729740032,0.09120358513892324,0.19807435623405767,0.15136015842799466,-0.02633256420981911,0.014252596150336805,-0.04457605453202007,0.25366227542196573,0.08006285378823064,-0.12843397858230154
2021-02,0.03812579725003773,0.15388772938505313,0.005356945634467092,0.08768709274499265,0.4079612424351202,0.26501734060626414,0.11526364746075246,0.21275868881048643,0.0661880670248911,0.16532494141560883,0.06705026349451004,0.1560913657845937,0.29279103746239565,0.26200882185845886,0.13228284970701076,0.08577308849743281,0.005796931945868167,0.3426924907062119,0.12872302403928315,-0.03214582372650787
2021-03,0.18774583615248952,0.2890079307753912,0.15199112994970965,0.17147284221854253,0.440338505116477,0.3840264161277507,0.17427487584027612,0.3127597032416034,0.10226576505550677,0.2200254321949333,0.09654503598598052,0.268799362582159,0.4188796126217307,0.3844559515393806,0.2806721022761314,0.19244878706830404,0.039845941463648726,0.4419816317344607,0.20599262447178113,0.09551592345067017
2021-04,0.598384376877483,0.7861967040744711,0.31374877591031547,0.5669381965980507,0.520103121611174,0.6179807697303359,0.488343310501659,0.5791594680998744,0.35055122368994796,0.54277475019411,0.473817873541996,0.35846905938758433,0.6663979641250783,0.5869071384137017,0.7145873066622528,0.5401965150924859,0.36398939928137874,0.7577640979715556,0.23544716131684695,0.4016851387151317
2021-05,0.48200000402764065,0.5357280482189954,0.2890297206233692,0.46861995737916184,0.4335096221863062,0.45861861519313774,0.4657171907607889,0.4974515716418564,0.28852965859078483,0.5228433556753842,0.48632351165516696,0.313903604835865,0.5913336012958275,0.4053517990170683,0.6383868751297423,0.4386373997271331,0.35742209255397484,0.6597126007017482,0.21067924686562578,0.34181877344477485
2021-06,0.5220267202050641,0.5050676776769691,0.3273772896016649,0.4765157636016304,0.40970815258077775,0.43792425497758325,0.49169473930332197,0.43343795524105766,0.4191697476189653,0.4703954048201162,0.43385841561585825,0.21580505432454666,0.5499272814033611,0.394336806900895,0.5752150539135976,0.49024516689976294,0.3656063773497349,0.6237440668350409,0.22497630117959444,0.38225968201111993
2021-07,0.6394307245992281,0.44840630628207134,0.3477807108165396,0.49324601711660887,0.4431833387835531,0.47510458294956126,0.48929106057648264,0.41084388836750785,0.32575174268915874,0.48575238952638755,0.4404610903987898,0.22921242835719835,0.46362075901631217,0.2635578068587554,0.5998985785112718,0.4011139922759195,0.39657341247601097,0.6358240951583549,0.24934506796676725,0.40786460996369245
2021-08,0.5802501697907345,0.3739942939845393,0.25671094537017036,0.40511724432924834,0.3338172047073136,0.33384102323601605,0.43083616833358596,0.3312224077685928,0.32282689929373554,0.33883588529889797,0.3477114783221016,0.2545234284110367,0.3877949622929566,0.17470641445075774,0.42380040239814076,0.35873495707493475,0.29827158239919016,0.4406229336273273,0.22760052027444333,0.3429287545482915
2021-09,0.5330086890701522,0.26651103761025974,0.19423860935754922,0.3351147245652655,0.3265550420682539,0.30173003563959333,0.39004061135771884,0.26612320798940803,0.1869481509136437,0.29465279055088067,0.31627570215304646,0.1520848446677212,0.37690449610949117,0.1233327679133589,0.2800816117799656,0.31172894279980734,0.2392363514368845,0.4564419662192212,0.23508154491917943,0.29492129192144634
2021-10,0.6849474601362331,0.3733998305378261,0.25247594072978363,0.4005177751001632,0.35533006686137636,0.33114317232274737,0.4423888572258432,0.32528540811571416,0.23084931366223027,0.38667532726452136,0.4002933001628153,0.15862757657712367,0.47965226934918515,0.2159918549841786,0.4245603490011802,0.3796484518144134,0.306183750874351,0.44213904442022267,0.26917350556643105,0.38218565191194154
2021-11,0.7200541529621762,0.3339248653487148,0.2661969598634959,0.4042632453894659,0.2922914591003818,0.26729534581815373,0.43159903928088106,0.35311367623720447,0.15422297099332583,0.3280655957148244,0.45247907775453444,0.2167068149742002,0.3876593547428975,0.16064962138186423,0.5749892697303842,0.38147171397498925,0.3369867425887134,0.40883434646303374,0.24226665242658818,0.38965459651335665
2021-12,0.41471498064094825,0.20876075982511733,0.0995069470943919,0.3266946537715063,0.2395090421420163,0.13046739823551068,0.24543915760424762,0.19035155900735723,0.06866344165736837,0.1813243997379821,0.2288675810260341,0.05661670250850359,0.2835818741068936,0.06272496893775092,0.36010681316371906,0.25507664569984745,0.09246910681853637,0.30843915520826815,0.19541870178130116,0.23203781808083979
2022-01,0.231723982246133,0.06844102305506405,0.004652116550133201,0.21138511556680362,0.0950341742532772,0.030285750523902477,0.16370833310061994,0.07246054048900685,-0.009206073686931826,0.023640910964983997,0.12056661304901595,-0.01436600532940524,0.1470693378646688,-0.08116602292646968,0.16282126824473586,0.11849761934768699,-0.029494768959707374,0.1934618590307733,0.12345065915198372,0.09335443921232867
2022-02,0.25406032676514334,0.12331531373659632,0.08302340424339039,0.2631505944745638,0.19645788276461174,0.07133056298930596,0.2657479015495219,0.10874599220925596,-0.018262868963825563,0.16357925045893995,0.22902731336698068,0.010564032981769333,0.16531612034052068,-0.055885448269619054,0.21701663074676136,0.07260049805590141,0.06281420052073594,0.2398788695218994,0.21422419679838822,0.16710071876172994
2022-03,0.20593556273636593,-0.006255972208900951,0.056046515073293834,0.18964725988180597,0.07845666888304126,0.0053560908068290836,0.14706515168590784,0.03260004521040849,-0.07234317075795438,0.07100895023763965,0.11950657462970926,-0.05374458729888876,0.021750436430471032,-0.11746249678910647,0.1326864354874291,-0.011629146957418124,-0.013537394344259157,0.06015642171611568,0.15036343376202566,0.10107430931984451
2022-04,0.08041642119267389,0.03297467628130657,0.013693632350603169,0.14138616734684217,0.05864806490689678,-0.07414188579017,0.06209323802218458,-0.08137412548744138,-0.10195893397049482,-0.05465291861044119,0.017927863536526756,-0.07035210686710003,-0.07404796418991455,-0.07604344763760607,0.11648527495331851,-0.037998534857482946,-0.048016833759950917,-0.06957980098550165,0.10833846662507862,0.062161012436726004
2022-05,-0.0170292827979307,0.07760575950892434,-0.03530666407721994,0.14705386030922152,0.02796405289524384,-0.13543592807722715,-0.02010079073516624,-0.13577860947869835,-0.1371126305224114,-0.15727855892800535,-0.023612061049621547,-0.07044645862728793,-0.13703849959041003,-0.07542035555027116,0.1459425761729447,-0.07003169181684765,-0.11059487484365305,-0.10375637246065827,0.0775895758452767,0.006102796654617659
2022-06,-0.1284097092408384,-0.009024258517123407,-0.12274721018771118,0.006993922561627786,-0.04544781690728461,-0.2073229069208301,-0.13071506585297588,-0.23572596246764033,-0.18175793149567776,-0.21344913411537736,-0.14189291988411523,-0.15644283483955768,-0.22441843173549414,-0.1420230171091753,0.026436017111065135,-0.11018560293956259,-0.1746679315379196,-0.21180070350668811,-0.02606818449531123,-0.07473783413893564
2022-07,-0.07543471356797016,-0.02279058148114932,-0.1181353256108193,0.029463783935502752,-0.07649016432493405,-0.18399000846988534,-0.1025339790650791,-0.18278418446341538,-0.1593076717266647,-0.17397828379196378,-0.08160209222038217,-0.14641653613259675,-0.20507802972910105,-0.15899014602668982,0.10462465197649284,-0.12159232832834588,-0.07992473952130486,-0.19226524367963116,-0.06977148186493676,-0.0450380609137655
2022-08,-0.18821766029331088,-0.14274506152766442,-0.17714086951763808,-0.07848957401239287,-0.1768948064670942,-0.29485588208194646,-0.20762758374704948,-0.30625772769705917,-0.11515347773725892,-0.31460677431994366,-0.21873186962791824,-0.19600838131030274,-0.28378624942001907,-0.2207831104708039,-0.016223754017449354,-0.17659117617639164,-0.15029717945431242,-0.36636687374044496,-0.16609453868942137,-0.14218643810800558
2022-09,-0.2054048525496357,-0.09316846735998374,-0.17754964206134527,-0.034905241408179744,-0.13593193600592224,-0.2726775660411279,-0.14710243617483865,-0.29513875125798517,-0.1282960905262479,-0.3035783581398115,-0.2171999713330709,-0.1723684758634828,-0.2643960224878166,-0.2156070635674977,0.028627244543718122,-0.16964897560728098,-0.17060412025739913,-0.28403646252439196,-0.13710631803157758,-0.11646133967502059
2022-10,-0.24016889204099756,-0.07462557021701599,-0.19087498189538532,-0.04866685111727498,-0.14942722241404527,-0.22856089205555485,-0.1630836634254097,-0.30559995923253,-0.08828222595580948,-0.2682008168028561,-0.23357247141494297,-0.21903640158768833,-0.2777749583680964,-0.2160865702020972,-0.024243316315553876,-0.16324220628201735,-0.1908167169580688,-0.30729909473295813,-0.1220428722903184,-0.1478760475976867
2022-11,-0.32063478223488595,-0.22474383821249133,-0.2865044339117365,-0.19764202627980576,-0.2963158646767883,-0.31261875107374815,-0.27483665626591913,-0.3962480722905465,-0.1975962303447072,-0.36898067301779913,-0.3214584991423114,-0.2620490491153332,-0.3856246861254753,-0.3353595427716005,-0.24906268095848672,-0.2530261736377689,-0.281766242985922,-0.4239576957882114,-0.2215886628572299,-0.2554032220527954
2022-12,-0.25049589954181184,-0.13391336054932546,-0.19713792346177084,-0.09729470867332823,-0.191322664744916,-0.2461397607024003,-0.19553704017835383,-0.31062024947138334,-0.2573933591970061,-0.22488525001456516,-0.21075210756055573,-0.22380576369446104,-0.3277162544464104,-0.23846877481849937,-0.09628995688021857,-0.20031665249939234,-0.148497910403671,-0.36093533439202363,-0.18800458273598486,-0.17224351874732313
2023-01,-0.1934567742664436,-0.07135944526794391,-0.15959894359328186,-0.06941896086035437,-0.13794487701924962,-0.19402367588040403,-0.1291548889163341,-0.23112264268598604,-0.11897872988753044,-0.21645620748408134,-0.14663178829978074,-0.15418265724076685,-0.22563257338467746,-0.1874528563253276,-0.06302667122710193,-0.1020387963677013,-0.10856985798216312,-0.3155886581866254,-0.1706389552023393,-0.12040658254475789
2023-02,-0.1856763511912315,-0.00949091226798493,-0.09955782969838856,-0.11016540538937314,0.009441217025544901,-0.13551563691096746,-0.0908013691151568,-0.2012727779859591,-0.051167479084355705,-0.17804070455430665,-0.11889222549344913,-0.1025017537522066,-0.1594436734589164,-0.07406559582163486,-0.048120055931036854,-0.05199966472106832,-0.06662020424014758,-0.23140637608886672,-0.11393892913506187,-0.11593664953604133
2023-03,-0.03179689063007696,0.04627094008635413,-0.04714389543684028,-0.034120979983938926,0.027117043819568476,-0.022945682704923254,0.06316274841436198,-0.0450917732717766,0.003904281642559404,-0.018817965863490937,0.03694618425629037,-0.05485255942612466,0.015743497093611225,-0.05665913589540528,-0.10117505954049277,0.012869505880251042,0.057047366407387834,-0.09945789142441575,-0.04575971023433212,-0.04775971673029933
2023-04,0.02548904936916596,-0.11708416854293235,-0.05489530422396138,-0.1245229977258453,0.012531823046628254,-0.04519341449975023,0.06327006271217295,-0.04324362655609593,-0.03546451371597237,0.0746381026266234,0.061973725623081455,-0.07519068949125474,0.0032650757533949637,-0.1328565928111416,-0.1599036661380998,-0.05202352121629883,0.08352467545292441,-0.11308922937685062,-0.09599276691293435,-0.048144188430418344
2023-05,0.02889563605865164,-0.06929046885010548,0.021595736487469708,-0.04498582685084096,0.12031272916902558,0.011125490901570556,0.1817272689710956,0.07803681158703157,0.006236459293189389,0.15193819384226237,0.14075985513444778,0.05334487027350954,0.14510222347180624,-0.046633872863884984,-0.13078008234129546,0.027082044021960128,0.12830576910562974,-0.035327369008146925,-0.002822635194623002,-0.01129301648516945
2023-06,0.0285978944836367,-0.043352973749664736,0.05888942826244303,-0.03822532931207989,0.19218358062012264,0.009535827164278254,0.21569363992685475,0.05527005243821881,-0.0111854181688954,0.1639292229245901,0.13977303865076762,0.041076121414337585,0.12449015694308807,-0.010049835747284908,-0.16294891004267853,0.04714059927842151,0.09818760428006867,0.002657941466646996,0.08933356676606352,0.03828031014042477
2023-07,0.07957796505571202,0.05448217070620265,0.050375975666678396,0.01617830318136826,0.23714740100989018,0.015964579686843505,0.2562392117404815,0.1789287612103332,-0.09568770016203187,0.34887040247529866,0.24608133599128035,0.12617588589810969,0.20285226498626607,0.03355178788979507,-0.09770787989058227,0.05826028282178397,0.15097114839251802,0.09409153746575405,0.12555122074477199,0.07736151926083301
2023-08,0.1260684919158439,0.019795257196130178,0.07773169193155582,0.021975098978181506,0.17230017199322933,-0.013348689571707317,0.23955314381563597,0.1862307490858255,-0.046344711083693424,0.34583696079057136,0.3274058224008871,0.10572513681152707,0.1658054832400191,-0.0015234990295420747,-0.12046314536770664,0.03395466994513496,0.26066508017982626,-0.0024259800250182595,0.09934063686791372,0.06301871194570441
2023-09,0.23006086955050664,0.0663129544582235,0.2057778805462449,0.09653067649755998,0.2767650862547433,0.022931301322166364,0.3457363286336388,0.31107027051119207,0.010373917666456123,0.41252562880436616,0.47817082380301845,0.17248332042697667,0.31953386166134345,0.04336671780479073,-0.024248317881555903,0.11020439978594077,0.3456091378493735,0.13836740782150025,0.20168340532871598,0.18309391528840857
2023-10,0.3127142503154201,0.17089411742122418,0.2554939886579053,0.16673575347830605,0.4836820484188309,0.10970634836613113,0.4086749280122328,0.4127541829555874,0.01985523616961915,0.5669805637144623,0.5392838294382856,0.2667410249504696,0.3425217462908188,0.09833106620037113,0.16574121628738614,0.1084219887833946,0.4347857758599847,0.18122569975454184,0.2482243032284761,0.2610395436913935
2023-11,0.20854227911314882,0.07037343928577244,0.13324323206384991,0.04812704055948114,0.3159283698638704,0.004857208751465114,0.22170345015499993,0.21100610461650526,0.0989868931544724,0.31545676599184014,0.32839246027276503,0.21512340653736373,0.20611509940840866,0.02405081273862897,0.06975984133649327,0.1034991496286084,0.2800461834126662,0.08406000375678602,0.14448772320425785,0.17315723101675395
2023-12,0.05065518370059707,-0.0976403306822029,-0.007526585020460996,-0.07462393330223471,0.16542905665570795,-0.1417624567085457,0.032766963308336505,0.003792541616320255,-0.11097841210121062,0.13484979274143316,0.1429596218740623,0.051390396582859044,-0.010372288158477905,-0.13696758024810785,-0.05105916769148522,-0.052449574334618165,0.11860414504771732,-0.08733632107474454,0.00217563052186609,-0.01100177507330169
2024-01,0.1429031949015045,0.018526153236362974,0.04287621294903676,0.07314656804226827,0.18747472037001267,-0.06205610084352897,0.138555485637327,0.13152200791521818,-0.1864025969838079,0.27339108492541997,0.27217774850717924,0.1277220713223406,0.1350251586331137,-0.04341789533882279,0.012656818592484465,-0.024463650766772704,0.2560868346667302,0.07970045566666473,0.10125850220103905,0.07100636977854302
2024-02,0.10871242598854858,0.02435211543482807,0.06196479528475951,0.04360952369509197,0.2221565958690681,-0.05870176832189844,0.07280676498179983,0.06265740099584471,-0.17719529924180055,0.19654561816707994,0.18397099968287844,0.1260024913031701,0.06259600732443293,-0.035271378550451815,0.09324888373998319,-0.026473182572308906,0.16121931332050354,0.1343803052681387,0.10125850220103905,0.06164776859566157
2024-03,0.074959505827912,0.07352454504239803,0.03286113916273248,0.08496442462356968,0.2503003293359207,-0.054870680687881146,0.07897854390832015,0.0550947720745647,-0.2061679084574588,0.23218184227609684,0.17817765247052963,0.20239311675050153,0.1457489908992613,-0.01627588411889369,0.03683159961058724,-0.024118701310391177,0.1256917928573349,0.06519987088774704,0.13019684880021498,0.050284074414995494
2024-04,0.07796249668744148,0.08565476589033483,-0.0006538241866973493,0.08571742392679815,0.20930687591507113,-0.09237879670195859,0.07399145001254737,0.05225167192846891,-0.16884087645824786,0.231230074897685,0.22697652868264617,0.18555223080982852,0.14147503483564905,-0.039493490185901536,0.06447024619171415,-0.056182833660069154,0.09631338778473375,0.11080247213790417,0.058683152412112305,0.07959088297880634
2024-05,0.08451514405248495,0.11422746555871699,0.016549008677520627,0.10606866334825171,0.22176795408561323,-0.09568378484505757,0.05323302757426074,0.05756917308884568,-0.19788097723100873,0.23521659299733422,0.25188196856259193,0.22308544335019787,0.19251893809549703,-0.02958541101606138,0.08687018320404771,-0.02570353092599431,0.1702498069687326,0.09510170642595517,0.016247960506505343,0.06801102823019645
2024-06,0.1644633758255849,0.12354082855575954,0.09593558514926981,0.13071285426340262,0.26122484232243814,-0.003140842469393501,0.09196977735529965,0.06131083301444584,-0.10405873475073246,0.22185277343710008,0.2922652578710627,0.14594518730391393,0.1716166304672777,-0.024140441377124122,0.1711452823182349,0.04616324655534987,0.2051276477892927,0.15499569605765218,0.010446254275670919,0.13745213560239744
2024-07,0.17236622840918758,0.11579004388046887,0.11164944550599287,0.1115790292574328,0.30333152640624017,0.04925765657012238,0.06154305664578574,0.07172284657292227,-0.10719566195837416,0.1754939717402002,0.24668522121978254,0.11349090688128105,0.18056112234984134,-0.009952007123142037,0.22797113377264555,0.07178483093543075,0.1865375575268864,0.22249398595755987,0.06652730493314407,0.16063840511089067
2024-08,0.1206541951189386,0.08645542504578385,0.028451059362693876,0.057239957410124775,0.33077145377320494,0.012254799395791993,-0.03608928107853937,0.012037765447451276,-0.17831238381360626,0.05524864270507379,0.13302730931370532,0.0745425269281852,0.1614681814789889,-0.06037201222379729,0.10609236276298883,0.008229941354722214,0.12306888188336407,0.1725328512166271,0.033149888065262534,0.107663671935873
2024-09,0.18174509260635818,0.14997824875091026,0.11702630051748297,0.1488257406280371,0.27012738045256346,0.04288869095869874,0.022106437747209773,0.07404910266509002,-0.10866260775055747,0.14189124598648162,0.2077658766567727,0.16663992184609366,0.21391095900459667,0.057797042809849986,0.13467562056732363,0.12009936559380208,0.18156445647909703,0.29228791226907846,0.12161107967919604,0.20044923446536123
2024-10,0.24540893679027476,0.2358277328417575,0.19732167047643445,0.23271468590364508,0.3514785143245258,0.15258545672353696,0.1306438876467264,0.19283953024132083,-0.032168974925383065,0.275611915221575,0.31986846327632157,0.19249112812002456,0.3414023068996235,0.12391605561642272,0.11787379939574727,0.1864217856999344,0.28746745992671596,0.36915653528447256,0.23441202494167146,0.2502999507668233
2024-11,0.23577229667664623,0.38062072244006373,0.27585487336098424,0.33851368441899865,0.2599892000477142,0.21782162599493904,0.19148676462584557,0.29665704696006157,0.12408446808924745,0.4063678655296086,0.34095949113732726,0.25189727955750585,0.36719322873406135,0.2344212833911612,0.14464713767054493,0.34475276120242837,0.3998102835206532,0.4918454907818417,0.281924265440213,0.3227430674691736
2024-12,0.07901567768253037,0.1824346411985529,0.11499030853120495,0.1943604233120464,0.1098813347187717,0.04303548153957304,0.016319450090042986,0.11290555733229768,0.08262790669055131,0.21902047662063695,0.18463943478750333,0.11550605994878338,0.09976209398522995,0.06294611815895679,0.06087908030984779,0.25912545318633984,0.1886039395048542,0.17375969434771643,0.11717282120654482,0.17526382360343495
2025-01,0.005666511890095816,0.09511573386801109,0.0037640966882652727,0.1857129618550628,0.02790748876639193,-0.04928365623706832,-0.07585341210407659,0.056063606823389955,-0.0013540399830259675,0.18210470557727843,0.09990859963805176,0.07334318892275316,0.024591381890433528,0.01856527535723629,0.01097536037445801,0.2317172053781933,0.1241384663860039,0.009756342469926294,0.025709606476274516,0.12580248353898682
2025-02,0.027944258012648104,0.03629417396116419,0.010886651467316488,0.1276050159579607,-0.12805088883954363,-0.0641205347270859,-0.05990226176608393,0.0690400181298414,0.10612846031691547,0.1087146129915495,0.10266802914040452,0.033825307768515556,-0.026820393688419597,-0.012820261065028205,0.01961070828021927,0.2746134722601361,0.12287137722417918,0.03285222775567198,-0.004601820007995583,0.11201292571264454
2025-03,0.11438406097182185,0.08188532826252848,0.024852249415307615,0.1393357725888522,-0.1672358174185703,0.02757723576987714,-0.018886098474655277,0.10638369144480841,0.025300043806602446,0.1272485416849054,0.11756611288331009,0.019039131446081825,-0.025979512692182793,0.005527686550764521,0.11022881925832584,0.3116750750206976,0.207123633458413,0.0769428333823925,0.08941082521386745,0.1485206021252019
2025-04,0.139072151322305,0.0050415280936972895,0.0427936426165092,0.09544377636645462,-0.1627112193433493,0.05041454098997056,-0.024916947903486975,0.1098070407124776,0.10472246081524217,0.18523707302243686,0.10502694944439717,-0.019532436840018486,-0.04729472050273664,-0.03314645523964943,0.06188794178699042,0.29600072990969517,0.1742331842702809,0.09753005617991017,0.10086366057424145,0.12196202746465934
2025-05,0.19234219222991555,0.011602259237609935,0.08040328836768906,0.12260073394603777,-0.25055873953496866,0.06569670028584573,0.0019081727767975565,0.17689720088827388,0.08177921938060395,0.1857216839078597,0.17238724765785607,0.044081726603786064,-0.03737173058531651,-0.013265916346560713,0.15356247814306867,0.2989176510162539,0.23597824929458144,0.11688082464605665,0.14832755991834423,0.11503426671345873
2025-06,0.1868722205587925,0.03551374534597618,0.10052541264960868,0.1250836473877881,-0.27697201749735534,0.06821179681252798,-0.0007113218164988,0.1942721000346379,0.04947154407995358,0.23850273504628094,0.16758741411988676,0.09417943213330271,-0.05004388982848729,-0.03566365066821231,0.023651157846045212,0.26212994872652673,0.24548666626072824,0.07234924192704972,0.11728593359950001,0.0954108516314578
2025-07,0.305655526178368,0.0720757478272851,0.195125799396636,0.21560893780069534,-0.2540086544255916,0.16733455362985428,0.11964451616837746,0.30373780752312096,0.18290419701850258,0.45826912095508066,0.3231437310480847,0.14573762527047407,0.01728246112372167,0.04423510524887431,0.12165138144467269,0.326331651683891,0.3698283124560904,0.13258007090786594,0.15248748081732777,0.1660361703876383
2025-08,0.34903702514256607,0.09656585943578544,0.16327094705669687,0.20818111920042348,-0.21961843804183645,0.20404029267449908,0.13345501197665088,0.324360452031643,0.2675847757524348,0.43208834679071595,0.32506877042400406,0.09653944109891244,0.10793875057375368,0.050592547424239465,0.18885590520244744,0.31903637964432807,0.3746436448697632,0.15138962593768368,0.12365062348168343,0.1594306846408433
2025-09,0.2924368027335176,0.05874231403853991,0.10620567965192995,0.16765537262115338,-0.33614531593423014,0.12676400839355884,0.0727634990343411,0.24204188645746383,0.2975181029870708,0.33228071121712843,0.26586844584222424,0.07736917114963071,0.020007103702821105,-0.017724016014293187,0.15793836312114196,0.29845602835859797,0.29786833491693065,0.06438787185317918,0.05796592107235887,0.1250998434949251
2025-10,0.37240185424678574,0.053240535195746785,0.14025103891888757,0.20084483712084888,-0.23866119016026088,0.1476956378005161,0.07879144850643827,0.21894581900527244,0.19209547879669975,0.3026546089452633,0.3398016560131336,0.15040386722995636,0.05797846989525013,-0.02101666941619762,0.21210680416629835,0.28387881742601406,0.30938677705332496,0.08808232336036093,0.10860981590050423,0.1540115271406428
2025-11,0.46903963835035545,0.13162436007757106,0.21017039022357076,0.2733741471605451,-0.21132653049751227,0.25703500647701505,0.18646219835737088,0.26756546960063354,0.2615657844767336,0.3964144425427114,0.38886558736058663,0.22246870886080305,0.28204153130588483,0.036263726062533364,0.2656688041020334,0.33583996198802346,0.40670423546776946,0.20053177606984662,0.16244286934864438,0.23272445211324144
2025-12,0.5229134542210196,0.09996667498718592,0.2725385694395672,0.21077884668921332,-0.19537893945010842,0.41150792622899846,0.2591027411139446,0.2594860862958137,0.2913961669615335,0.3599615855876177,0.43467761531716076,0.23447390697381,0.3238599777594151,0.023479115322899258,0.2068237810603919,0.28933028366444313,0.4793795937787724,0.26420666337764787,0.19120973450687861,0.24443448055207728
